binary,file,filter,memory_peak_bytes,memory_total_bytes,size,time_seconds
Manual v1,photo-1547487452-5bdd9ce63723.jpg,ridge,20308077,20308077,small,192
Manual v1,30ddbd81.jpg,ridge,16068612,16068612,small,153
Manual v1,pfHrY2VQaGJuCsrFljKy_IMG_0257.JPG.jpg,ridge,4470340,4470340,small,40
Manual v1,photo-1547413749-dd39525702cd.jpg,ridge,23980004,23980004,small,230
Manual v1,photo-1544259342-306eccfec481.jpg,ridge,18852310,18852310,small,179
Manual v1,photo-1546941180-073df0bc8154.jpg,ridge,23980004,23980004,small,240
Manual v1,f7a44cdc.jpg,ridge,3237300,3237300,small,29
Manual v1,photo-1544261378-1d991c5816d1.jpg,ridge,21007588,21007588,small,200
Manual v1,cacce378.jpg,ridge,24140196,24140196,small,223
Manual v1,photo-1546423214-2eee206174a5.jpg,ridge,42150900,42150900,small,384
Manual v1,frozen-grass.JPG.jpg,ridge,10654670,10654670,small,96
Manual v1,photo-1543441246-0c431f3ffe9d.jpg,ridge,10640832,10640832,small,95
Manual v1,photo-1544886324-044d2b1e5820.jpg,ridge,30083204,30083204,small,300
Manual v1,photo-1546013385-9318bcdef4d8.jpg,ridge,10726625,10726625,small,104
Manual v1,photo-1547835633-40a93473c488.jpg,ridge,7951108,7951108,small,72
Manual v1,photo-1545525501-0b4fe2f08cb3.jpg,ridge,53979002,53979002,small,575
Manual v1,photo-1545912641-15610f3dbc9e.jpg,ridge,5985009,5985009,small,55
Manual v1,photo-1544592787-1ac83baa30f0.jpg,ridge,40170936,40170936,small,415
Manual v1,photo-1546977605-99ef7f8b45d9.jpg,ridge,16409334,16409334,small,154
Manual v1,photo-1542850775-09dd9bbd2cca.jpg,ridge,12197956,12197956,small,112
Manual v1,photo-1544989387-1bbbc71d2ef5.jpg,ridge,23980004,23980004,small,233
Manual v1,photo-1543651425-3260f9c9ecfb.jpg,ridge,30083204,30083204,small,301
Manual v1,photo-1543542849-dfa396b541c8.jpg,ridge,10850118,10850118,small,99
Manual v1,photo-1543662001-afbc8eda785e.jpg,ridge,12152420,12152420,small,122
Manual v1,photo-1547468731-cc0bd2f11351.jpg,ridge,6927822,6927822,small,64
Manual v1,photo-1545504562-be62ffe9d4f6.jpg,ridge,19943620,19943620,small,192
Manual v1,photo-1547084675-e5ddb2c1d438.jpg,ridge,5233668,5233668,small,48
Manual v1,photo-1541757089-bc55ff4d0fec.jpg,ridge,10930950,10930950,small,105
Manual v1,photo-1544896990-333044d0114c.jpg,ridge,39526410,39526410,small,416
Manual v1,photo-1542178805-14a89821bb25.jpg,ridge,23980004,23980004,small,239
Manual v1,photo-1547491205-feacae9c0c22.jpg,ridge,23980004,23980004,small,249
Manual v1,fqUehZ3ZRru2Kh11qDBT_IMG_0042.jpg.jpg,ridge,16573464,16573464,small,161
Manual v1,photo-1545906785-38f53f99e380.jpg,ridge,25937604,25937604,small,247
Manual v1,photo-1546969430-d023da44cfec.jpg,ridge,23980004,23980004,small,245
Manual v1,photo-1544920860-19cb1cccd53c.jpg,ridge,12760830,12760830,small,123
Manual v1,photo-1546365831-cd36e1e4d63e.jpg,ridge,30083204,30083204,small,310
Manual v1,photo-1545006360-b2a8d6fb91df.jpg,ridge,19475300,19475300,small,196
Manual v1,photo-1544114449-8ffb1b7f555f.jpg,ridge,11986004,11986004,small,123
Manual v1,f1f2ebf3.jpg,ridge,12152420,12152420,small,110
Manual v1,photo-1547296899-c848d96b9961.jpg,ridge,8971512,8971512,small,81
Manual v1,photo-1543867534-396c71972cdc.jpg,ridge,22608768,22608768,small,219
Manual v1,photo-1544913776-90c1223073a3.jpg,ridge,28403328,28403328,small,279
Manual v1,photo-1545262810-77515befe149.jpg,ridge,23980004,23980004,small,248
Manual v1,1d8ef901.jpg,ridge,16068612,16068612,small,152
Manual v1,photo-1542847887-e31e3471722a.jpg,ridge,30083204,30083204,small,317
Manual v1,photo-1542291771-64f962701184.jpg,ridge,12793572,12793572,small,127
Manual v1,photo-1544647593-59b72ae685d5.jpg,ridge,9405747,9405747,small,93
Manual v1,photo-1543002601-b85cd5b8439b.jpg,ridge,23980004,23980004,small,235
Manual v1,photo-1546540551-29dc0a3f6786.jpg,ridge,7768188,7768188,small,75
Manual v1,photo-1543429625-d79f2d85bd29.jpg,ridge,22711767,22711767,small,223
Manual v1,photo-1547487452-5bdd9ce63723.jpg,ridge,20280492,20280492,medium,750
Manual v1,30ddbd81.jpg,ridge,16044057,16044057,medium,604
Manual v1,pfHrY2VQaGJuCsrFljKy_IMG_0257.JPG.jpg,ridge,4457401,4457401,medium,157
Manual v1,photo-1547413749-dd39525702cd.jpg,ridge,23950025,23950025,medium,817
Manual v1,photo-1544259342-306eccfec481.jpg,ridge,18825730,18825730,medium,627
Manual v1,photo-1546941180-073df0bc8154.jpg,ridge,23950025,23950025,medium,906
Manual v1,f7a44cdc.jpg,ridge,3226065,3226065,medium,115
Manual v1,photo-1544261378-1d991c5816d1.jpg,ridge,20979529,20979529,medium,810
Manual v1,cacce378.jpg,ridge,24110121,24110121,medium,901
Manual v1,photo-1546423214-2eee206174a5.jpg,ridge,42111153,42111153,medium,1577
Manual v1,frozen-grass.JPG.jpg,ridge,10634690,10634690,medium,396
Manual v1,photo-1543441246-0c431f3ffe9d.jpg,ridge,10621065,10621065,medium,378
Manual v1,photo-1544886324-044d2b1e5820.jpg,ridge,30049625,30049625,medium,1134
Manual v1,photo-1546013385-9318bcdef4d8.jpg,ridge,10706816,10706816,medium,392
Manual v1,photo-1547835633-40a93473c488.jpg,ridge,7933849,7933849,medium,285
Manual v1,photo-1545525501-0b4fe2f08cb3.jpg,ridge,53934020,53934020,medium,1996
Manual v1,photo-1545912641-15610f3dbc9e.jpg,ridge,5970036,5970036,medium,212
Manual v1,photo-1544592787-1ac83baa30f0.jpg,ridge,40132134,40132134,medium,1593
Manual v1,photo-1546977605-99ef7f8b45d9.jpg,ridge,16384536,16384536,medium,624
Manual v1,photo-1542850775-09dd9bbd2cca.jpg,ridge,12176569,12176569,medium,446
Manual v1,photo-1544989387-1bbbc71d2ef5.jpg,ridge,23950025,23950025,medium,943
Manual v1,photo-1543651425-3260f9c9ecfb.jpg,ridge,30049625,30049625,medium,1109
Manual v1,photo-1543542849-dfa396b541c8.jpg,ridge,10830240,10830240,medium,400
Manual v1,photo-1543662001-afbc8eda785e.jpg,ridge,12131081,12131081,medium,457
Manual v1,photo-1547468731-cc0bd2f11351.jpg,ridge,6911940,6911940,medium,251
Manual v1,photo-1545504562-be62ffe9d4f6.jpg,ridge,19916281,19916281,medium,741
Manual v1,photo-1547084675-e5ddb2c1d438.jpg,ridge,5219865,5219865,medium,176
Manual v1,photo-1541757089-bc55ff4d0fec.jpg,ridge,10910712,10910712,medium,363
Manual v1,photo-1544896990-333044d0114c.jpg,ridge,39488148,39488148,medium,1389
Manual v1,photo-1542178805-14a89821bb25.jpg,ridge,23950025,23950025,medium,916
Manual v1,photo-1547491205-feacae9c0c22.jpg,ridge,23950025,23950025,medium,945
Manual v1,fqUehZ3ZRru2Kh11qDBT_IMG_0042.jpg.jpg,ridge,16548543,16548543,medium,639
Manual v1,photo-1545906785-38f53f99e380.jpg,ridge,25906425,25906425,medium,1002
Manual v1,photo-1546969430-d023da44cfec.jpg,ridge,23950025,23950025,medium,900
Manual v1,photo-1544920860-19cb1cccd53c.jpg,ridge,12739272,12739272,medium,436
Manual v1,photo-1546365831-cd36e1e4d63e.jpg,ridge,30049625,30049625,medium,1131
Manual v1,photo-1545006360-b2a8d6fb91df.jpg,ridge,19448201,19448201,medium,744
Manual v1,photo-1544114449-8ffb1b7f555f.jpg,ridge,11965025,11965025,medium,453
Manual v1,f1f2ebf3.jpg,ridge,12131081,12131081,medium,469
Manual v1,photo-1547296899-c848d96b9961.jpg,ridge,8952795,8952795,medium,347
Manual v1,photo-1543867534-396c71972cdc.jpg,ridge,22579659,22579659,medium,855
Manual v1,photo-1544913776-90c1223073a3.jpg,ridge,28370700,28370700,medium,1025
Manual v1,photo-1545262810-77515befe149.jpg,ridge,23950025,23950025,medium,907
Manual v1,1d8ef901.jpg,ridge,16044057,16044057,medium,606
Manual v1,photo-1542847887-e31e3471722a.jpg,ridge,30049625,30049625,medium,1140
Manual v1,photo-1542291771-64f962701184.jpg,ridge,12771702,12771702,medium,472
Manual v1,photo-1544647593-59b72ae685d5.jpg,ridge,9387240,9387240,medium,369
Manual v1,photo-1543002601-b85cd5b8439b.jpg,ridge,23950025,23950025,medium,890
Manual v1,photo-1546540551-29dc0a3f6786.jpg,ridge,7751370,7751370,medium,280
Manual v1,photo-1543429625-d79f2d85bd29.jpg,ridge,22682592,22682592,medium,856
Manual v1,photo-1547487452-5bdd9ce63723.jpg,ridge,20225376,20225376,large,2627
Manual v1,30ddbd81.jpg,ridge,15995001,15995001,large,2081
Manual v1,pfHrY2VQaGJuCsrFljKy_IMG_0257.JPG.jpg,ridge,4431577,4431577,large,577
Manual v1,photo-1547413749-dd39525702cd.jpg,ridge,23890121,23890121,large,3106
Manual v1,photo-1544259342-306eccfec481.jpg,ridge,18772624,18772624,large,2444
Manual v1,photo-1546941180-073df0bc8154.jpg,ridge,23890121,23890121,large,3085
Manual v1,f7a44cdc.jpg,ridge,3203649,3203649,large,412
Manual v1,photo-1544261378-1d991c5816d1.jpg,ridge,20923465,20923465,large,2711
Manual v1,cacce378.jpg,ridge,24050025,24050025,large,3105
Manual v1,photo-1546423214-2eee206174a5.jpg,ridge,42031713,42031713,large,5439
Manual v1,frozen-grass.JPG.jpg,ridge,10594784,10594784,large,1373
Manual v1,photo-1543441246-0c431f3ffe9d.jpg,ridge,10581585,10581585,large,1367
Manual v1,photo-1544886324-044d2b1e5820.jpg,ridge,29982521,29982521,large,3874
Manual v1,photo-1546013385-9318bcdef4d8.jpg,ridge,10667252,10667252,large,1373
Manual v1,photo-1547835633-40a93473c488.jpg,ridge,7899385,7899385,large,1019
Manual v1,photo-1545525501-0b4fe2f08cb3.jpg,ridge,53844110,53844110,large,6961
Manual v1,photo-1545912641-15610f3dbc9e.jpg,ridge,5940144,5940144,large,762
Manual v1,photo-1544592787-1ac83baa30f0.jpg,ridge,40054584,40054584,large,5186
Manual v1,photo-1546977605-99ef7f8b45d9.jpg,ridge,16334994,16334994,large,2112
Manual v1,photo-1542850775-09dd9bbd2cca.jpg,ridge,12133849,12133849,large,1559
Manual v1,photo-1544989387-1bbbc71d2ef5.jpg,ridge,23890121,23890121,large,3086
Manual v1,photo-1543651425-3260f9c9ecfb.jpg,ridge,29982521,29982521,large,3887
Manual v1,photo-1543542849-dfa396b541c8.jpg,ridge,10790538,10790538,large,1399
Manual v1,photo-1543662001-afbc8eda785e.jpg,ridge,12088457,12088457,large,1580
Manual v1,photo-1547468731-cc0bd2f11351.jpg,ridge,6880230,6880230,large,874
Manual v1,photo-1545504562-be62ffe9d4f6.jpg,ridge,19861657,19861657,large,2531
Manual v1,photo-1547084675-e5ddb2c1d438.jpg,ridge,5192313,5192313,large,668
Manual v1,photo-1541757089-bc55ff4d0fec.jpg,ridge,10870290,10870290,large,1407
Manual v1,photo-1544896990-333044d0114c.jpg,ridge,39411678,39411678,large,5098
Manual v1,photo-1542178805-14a89821bb25.jpg,ridge,23890121,23890121,large,3127
Manual v1,photo-1547491205-feacae9c0c22.jpg,ridge,23890121,23890121,large,3090
Manual v1,fqUehZ3ZRru2Kh11qDBT_IMG_0042.jpg.jpg,ridge,16498755,16498755,large,2137
Manual v1,photo-1545906785-38f53f99e380.jpg,ridge,25844121,25844121,large,3361
Manual v1,photo-1546969430-d023da44cfec.jpg,ridge,23890121,23890121,large,3090
Manual v1,photo-1544920860-19cb1cccd53c.jpg,ridge,12696210,12696210,large,1641
Manual v1,photo-1546365831-cd36e1e4d63e.jpg,ridge,29982521,29982521,large,3875
Manual v1,photo-1545006360-b2a8d6fb91df.jpg,ridge,19394057,19394057,large,2514
Manual v1,photo-1544114449-8ffb1b7f555f.jpg,ridge,11923121,11923121,large,1542
Manual v1,f1f2ebf3.jpg,ridge,12088457,12088457,large,1565
Manual v1,photo-1547296899-c848d96b9961.jpg,ridge,8915415,8915415,large,1152
Manual v1,photo-1543867534-396c71972cdc.jpg,ridge,22521495,22521495,large,2896
Manual v1,photo-1544913776-90c1223073a3.jpg,ridge,28305498,28305498,large,3616
Manual v1,photo-1545262810-77515befe149.jpg,ridge,23890121,23890121,large,3061
Manual v1,1d8ef901.jpg,ridge,15995001,15995001,large,2058
Manual v1,photo-1542847887-e31e3471722a.jpg,ridge,29982521,29982521,large,3838
Manual v1,photo-1542291771-64f962701184.jpg,ridge,12728016,12728016,large,1619
Manual v1,photo-1544647593-59b72ae685d5.jpg,ridge,9350280,9350280,large,1194
Manual v1,photo-1543002601-b85cd5b8439b.jpg,ridge,23890121,23890121,large,3045
Manual v1,photo-1546540551-29dc0a3f6786.jpg,ridge,7717788,7717788,large,984
Manual v1,photo-1543429625-d79f2d85bd29.jpg,ridge,22624296,22624296,large,2885
Manual v1,photo-1547487452-5bdd9ce63723.jpg,sharpen,20308077,20308077,small,191
Manual v1,30ddbd81.jpg,sharpen,16068612,16068612,small,144
Manual v1,pfHrY2VQaGJuCsrFljKy_IMG_0257.JPG.jpg,sharpen,4470340,4470340,small,39
Manual v1,photo-1547413749-dd39525702cd.jpg,sharpen,23980004,23980004,small,228
Manual v1,photo-1544259342-306eccfec481.jpg,sharpen,18852310,18852310,small,175
Manual v1,photo-1546941180-073df0bc8154.jpg,sharpen,23980004,23980004,small,227
Manual v1,f7a44cdc.jpg,sharpen,3237300,3237300,small,28
Manual v1,photo-1544261378-1d991c5816d1.jpg,sharpen,21007588,21007588,small,199
Manual v1,cacce378.jpg,sharpen,24140196,24140196,small,233
Manual v1,photo-1546423214-2eee206174a5.jpg,sharpen,42150900,42150900,small,427
Manual v1,frozen-grass.JPG.jpg,sharpen,10654670,10654670,small,96
Manual v1,photo-1543441246-0c431f3ffe9d.jpg,sharpen,10640832,10640832,small,95
Manual v1,photo-1544886324-044d2b1e5820.jpg,sharpen,30083204,30083204,small,292
Manual v1,photo-1546013385-9318bcdef4d8.jpg,sharpen,10726625,10726625,small,97
Manual v1,photo-1547835633-40a93473c488.jpg,sharpen,7951108,7951108,small,72
Manual v1,photo-1545525501-0b4fe2f08cb3.jpg,sharpen,53979002,53979002,small,566
Manual v1,photo-1545912641-15610f3dbc9e.jpg,sharpen,5985009,5985009,small,53
Manual v1,photo-1544592787-1ac83baa30f0.jpg,sharpen,40170936,40170936,small,412
Manual v1,photo-1546977605-99ef7f8b45d9.jpg,sharpen,16409334,16409334,small,152
Manual v1,photo-1542850775-09dd9bbd2cca.jpg,sharpen,12197956,12197956,small,111
Manual v1,photo-1544989387-1bbbc71d2ef5.jpg,sharpen,23980004,23980004,small,224
Manual v1,photo-1543651425-3260f9c9ecfb.jpg,sharpen,30083204,30083204,small,303
Manual v1,photo-1543542849-dfa396b541c8.jpg,sharpen,10850118,10850118,small,97
Manual v1,photo-1543662001-afbc8eda785e.jpg,sharpen,12152420,12152420,small,109
Manual v1,photo-1547468731-cc0bd2f11351.jpg,sharpen,6927822,6927822,small,62
Manual v1,photo-1545504562-be62ffe9d4f6.jpg,sharpen,19943620,19943620,small,191
Manual v1,photo-1547084675-e5ddb2c1d438.jpg,sharpen,5233668,5233668,small,47
Manual v1,photo-1541757089-bc55ff4d0fec.jpg,sharpen,10930950,10930950,small,99
Manual v1,photo-1544896990-333044d0114c.jpg,sharpen,39526410,39526410,small,404
Manual v1,photo-1542178805-14a89821bb25.jpg,sharpen,23980004,23980004,small,234
Manual v1,photo-1547491205-feacae9c0c22.jpg,sharpen,23980004,23980004,small,240
Manual v1,fqUehZ3ZRru2Kh11qDBT_IMG_0042.jpg.jpg,sharpen,16573464,16573464,small,154
Manual v1,photo-1545906785-38f53f99e380.jpg,sharpen,25937604,25937604,small,242
Manual v1,photo-1546969430-d023da44cfec.jpg,sharpen,23980004,23980004,small,229
Manual v1,photo-1544920860-19cb1cccd53c.jpg,sharpen,12760830,12760830,small,113
Manual v1,photo-1546365831-cd36e1e4d63e.jpg,sharpen,30083204,30083204,small,278
Manual v1,photo-1545006360-b2a8d6fb91df.jpg,sharpen,19475300,19475300,small,173
Manual v1,photo-1544114449-8ffb1b7f555f.jpg,sharpen,11986004,11986004,small,107
Manual v1,f1f2ebf3.jpg,sharpen,12152420,12152420,small,108
Manual v1,photo-1547296899-c848d96b9961.jpg,sharpen,8971512,8971512,small,86
Manual v1,photo-1543867534-396c71972cdc.jpg,sharpen,22608768,22608768,small,214
Manual v1,photo-1544913776-90c1223073a3.jpg,sharpen,28403328,28403328,small,271
Manual v1,photo-1545262810-77515befe149.jpg,sharpen,23980004,23980004,small,221
Manual v1,1d8ef901.jpg,sharpen,16068612,16068612,small,145
Manual v1,photo-1542847887-e31e3471722a.jpg,sharpen,30083204,30083204,small,280
Manual v1,photo-1542291771-64f962701184.jpg,sharpen,12793572,12793572,small,113
Manual v1,photo-1544647593-59b72ae685d5.jpg,sharpen,9405747,9405747,small,84
Manual v1,photo-1543002601-b85cd5b8439b.jpg,sharpen,23980004,23980004,small,221
Manual v1,photo-1546540551-29dc0a3f6786.jpg,sharpen,7768188,7768188,small,68
Manual v1,photo-1543429625-d79f2d85bd29.jpg,sharpen,22711767,22711767,small,216
Manual v1,photo-1547487452-5bdd9ce63723.jpg,sharpen,20280492,20280492,medium,678
Manual v1,30ddbd81.jpg,sharpen,16044057,16044057,medium,553
Manual v1,pfHrY2VQaGJuCsrFljKy_IMG_0257.JPG.jpg,sharpen,4457401,4457401,medium,147
Manual v1,photo-1547413749-dd39525702cd.jpg,sharpen,23950025,23950025,medium,841
Manual v1,photo-1544259342-306eccfec481.jpg,sharpen,18825730,18825730,medium,686
Manual v1,photo-1546941180-073df0bc8154.jpg,sharpen,23950025,23950025,medium,868
Manual v1,f7a44cdc.jpg,sharpen,3226065,3226065,medium,101
Manual v1,photo-1544261378-1d991c5816d1.jpg,sharpen,20979529,20979529,medium,718
Manual v1,cacce378.jpg,sharpen,24110121,24110121,medium,861
Manual v1,photo-1546423214-2eee206174a5.jpg,sharpen,42111153,42111153,medium,1568
Manual v1,frozen-grass.JPG.jpg,sharpen,10634690,10634690,medium,377
Manual v1,photo-1543441246-0c431f3ffe9d.jpg,sharpen,10621065,10621065,medium,375
Manual v1,photo-1544886324-044d2b1e5820.jpg,sharpen,30049625,30049625,medium,1025
Manual v1,photo-1546013385-9318bcdef4d8.jpg,sharpen,10706816,10706816,medium,380
Manual v1,photo-1547835633-40a93473c488.jpg,sharpen,7933849,7933849,medium,278
Manual v1,photo-1545525501-0b4fe2f08cb3.jpg,sharpen,53934020,53934020,medium,1985
Manual v1,photo-1545912641-15610f3dbc9e.jpg,sharpen,5970036,5970036,medium,203
Manual v1,photo-1544592787-1ac83baa30f0.jpg,sharpen,40132134,40132134,medium,1451
Manual v1,photo-1546977605-99ef7f8b45d9.jpg,sharpen,16384536,16384536,medium,591
Manual v1,photo-1542850775-09dd9bbd2cca.jpg,sharpen,12176569,12176569,medium,430
Manual v1,photo-1544989387-1bbbc71d2ef5.jpg,sharpen,23950025,23950025,medium,856
Manual v1,photo-1543651425-3260f9c9ecfb.jpg,sharpen,30049625,30049625,medium,1022
Manual v1,photo-1543542849-dfa396b541c8.jpg,sharpen,10830240,10830240,medium,386
Manual v1,photo-1543662001-afbc8eda785e.jpg,sharpen,12131081,12131081,medium,435
Manual v1,photo-1547468731-cc0bd2f11351.jpg,sharpen,6911940,6911940,medium,243
Manual v1,photo-1545504562-be62ffe9d4f6.jpg,sharpen,19916281,19916281,medium,701
Manual v1,photo-1547084675-e5ddb2c1d438.jpg,sharpen,5219865,5219865,medium,185
Manual v1,photo-1541757089-bc55ff4d0fec.jpg,sharpen,10910712,10910712,medium,384
Manual v1,photo-1544896990-333044d0114c.jpg,sharpen,39488148,39488148,medium,1453
Manual v1,photo-1542178805-14a89821bb25.jpg,sharpen,23950025,23950025,medium,887
Manual v1,photo-1547491205-feacae9c0c22.jpg,sharpen,23950025,23950025,medium,877
Manual v1,fqUehZ3ZRru2Kh11qDBT_IMG_0042.jpg.jpg,sharpen,16548543,16548543,medium,577
Manual v1,photo-1545906785-38f53f99e380.jpg,sharpen,25906425,25906425,medium,923
Manual v1,photo-1546969430-d023da44cfec.jpg,sharpen,23950025,23950025,medium,879
Manual v1,photo-1544920860-19cb1cccd53c.jpg,sharpen,12739272,12739272,medium,462
Manual v1,photo-1546365831-cd36e1e4d63e.jpg,sharpen,30049625,30049625,medium,1113
Manual v1,photo-1545006360-b2a8d6fb91df.jpg,sharpen,19448201,19448201,medium,717
Manual v1,photo-1544114449-8ffb1b7f555f.jpg,sharpen,11965025,11965025,medium,433
Manual v1,f1f2ebf3.jpg,sharpen,12131081,12131081,medium,405
Manual v1,photo-1547296899-c848d96b9961.jpg,sharpen,8952795,8952795,medium,329
Manual v1,photo-1543867534-396c71972cdc.jpg,sharpen,22579659,22579659,medium,813
Manual v1,photo-1544913776-90c1223073a3.jpg,sharpen,28370700,28370700,medium,1055
Manual v1,photo-1545262810-77515befe149.jpg,sharpen,23950025,23950025,medium,879
Manual v1,1d8ef901.jpg,sharpen,16044057,16044057,medium,580
Manual v1,photo-1542847887-e31e3471722a.jpg,sharpen,30049625,30049625,medium,1076
Manual v1,photo-1542291771-64f962701184.jpg,sharpen,12771702,12771702,medium,464
Manual v1,photo-1544647593-59b72ae685d5.jpg,sharpen,9387240,9387240,medium,343
Manual v1,photo-1543002601-b85cd5b8439b.jpg,sharpen,23950025,23950025,medium,886
Manual v1,photo-1546540551-29dc0a3f6786.jpg,sharpen,7751370,7751370,medium,276
Manual v1,photo-1543429625-d79f2d85bd29.jpg,sharpen,22682592,22682592,medium,843
Manual v1,photo-1547487452-5bdd9ce63723.jpg,sharpen,20225376,20225376,large,2606
Manual v1,30ddbd81.jpg,sharpen,15995001,15995001,large,2073
Manual v1,pfHrY2VQaGJuCsrFljKy_IMG_0257.JPG.jpg,sharpen,4431577,4431577,large,573
Manual v1,photo-1547413749-dd39525702cd.jpg,sharpen,23890121,23890121,large,3082
Manual v1,photo-1544259342-306eccfec481.jpg,sharpen,18772624,18772624,large,2428
Manual v1,photo-1546941180-073df0bc8154.jpg,sharpen,23890121,23890121,large,3070
Manual v1,f7a44cdc.jpg,sharpen,3203649,3203649,large,413
Manual v1,photo-1544261378-1d991c5816d1.jpg,sharpen,20923465,20923465,large,2704
Manual v1,cacce378.jpg,sharpen,24050025,24050025,large,3105
Manual v1,photo-1546423214-2eee206174a5.jpg,sharpen,42031713,42031713,large,5435
Manual v1,frozen-grass.JPG.jpg,sharpen,10594784,10594784,large,1366
Manual v1,photo-1543441246-0c431f3ffe9d.jpg,sharpen,10581585,10581585,large,1368
Manual v1,photo-1544886324-044d2b1e5820.jpg,sharpen,29982521,29982521,large,3867
Manual v1,photo-1546013385-9318bcdef4d8.jpg,sharpen,10667252,10667252,large,1378
Manual v1,photo-1547835633-40a93473c488.jpg,sharpen,7899385,7899385,large,1019
Manual v1,photo-1545525501-0b4fe2f08cb3.jpg,sharpen,53844110,53844110,large,6944
Manual v1,photo-1545912641-15610f3dbc9e.jpg,sharpen,5940144,5940144,large,758
Manual v1,photo-1544592787-1ac83baa30f0.jpg,sharpen,40054584,40054584,large,5133
Manual v1,photo-1546977605-99ef7f8b45d9.jpg,sharpen,16334994,16334994,large,2092
Manual v1,photo-1542850775-09dd9bbd2cca.jpg,sharpen,12133849,12133849,large,1549
Manual v1,photo-1544989387-1bbbc71d2ef5.jpg,sharpen,23890121,23890121,large,3067
Manual v1,photo-1543651425-3260f9c9ecfb.jpg,sharpen,29982521,29982521,large,3852
Manual v1,photo-1543542849-dfa396b541c8.jpg,sharpen,10790538,10790538,large,1382
Manual v1,photo-1543662001-afbc8eda785e.jpg,sharpen,12088457,12088457,large,1547
Manual v1,photo-1547468731-cc0bd2f11351.jpg,sharpen,6880230,6880230,large,880
Manual v1,photo-1545504562-be62ffe9d4f6.jpg,sharpen,19861657,19861657,large,2563
Manual v1,photo-1547084675-e5ddb2c1d438.jpg,sharpen,5192313,5192313,large,669
Manual v1,photo-1541757089-bc55ff4d0fec.jpg,sharpen,10870290,10870290,large,1404
Manual v1,photo-1544896990-333044d0114c.jpg,sharpen,39411678,39411678,large,5095
Manual v1,photo-1542178805-14a89821bb25.jpg,sharpen,23890121,23890121,large,3085
Manual v1,photo-1547491205-feacae9c0c22.jpg,sharpen,23890121,23890121,large,3088
Manual v1,fqUehZ3ZRru2Kh11qDBT_IMG_0042.jpg.jpg,sharpen,16498755,16498755,large,2130
Manual v1,photo-1545906785-38f53f99e380.jpg,sharpen,25844121,25844121,large,3346
Manual v1,photo-1546969430-d023da44cfec.jpg,sharpen,23890121,23890121,large,3089
Manual v1,photo-1544920860-19cb1cccd53c.jpg,sharpen,12696210,12696210,large,1638
Manual v1,photo-1546365831-cd36e1e4d63e.jpg,sharpen,29982521,29982521,large,3879
Manual v1,photo-1545006360-b2a8d6fb91df.jpg,sharpen,19394057,19394057,large,2491
Manual v1,photo-1544114449-8ffb1b7f555f.jpg,sharpen,11923121,11923121,large,1540
Manual v1,f1f2ebf3.jpg,sharpen,12088457,12088457,large,1563
Manual v1,photo-1547296899-c848d96b9961.jpg,sharpen,8915415,8915415,large,1151
Manual v1,photo-1543867534-396c71972cdc.jpg,sharpen,22521495,22521495,large,2905
Manual v1,photo-1544913776-90c1223073a3.jpg,sharpen,28305498,28305498,large,3660
Manual v1,photo-1545262810-77515befe149.jpg,sharpen,23890121,23890121,large,3103
Manual v1,1d8ef901.jpg,sharpen,15995001,15995001,large,2058
Manual v1,photo-1542847887-e31e3471722a.jpg,sharpen,29982521,29982521,large,3884
Manual v1,photo-1542291771-64f962701184.jpg,sharpen,12728016,12728016,large,1625
Manual v1,photo-1544647593-59b72ae685d5.jpg,sharpen,9350280,9350280,large,1185
Manual v1,photo-1543002601-b85cd5b8439b.jpg,sharpen,23890121,23890121,large,3030
Manual v1,photo-1546540551-29dc0a3f6786.jpg,sharpen,7717788,7717788,large,987
Manual v1,photo-1543429625-d79f2d85bd29.jpg,sharpen,22624296,22624296,large,2898
Manual v1,photo-1547487452-5bdd9ce63723.jpg,box-blur,20308077,20308077,small,189
Manual v1,30ddbd81.jpg,box-blur,16068612,16068612,small,149
Manual v1,pfHrY2VQaGJuCsrFljKy_IMG_0257.JPG.jpg,box-blur,4470340,4470340,small,39
Manual v1,photo-1547413749-dd39525702cd.jpg,box-blur,23980004,23980004,small,238
Manual v1,photo-1544259342-306eccfec481.jpg,box-blur,18852310,18852310,small,179
Manual v1,photo-1546941180-073df0bc8154.jpg,box-blur,23980004,23980004,small,236
Manual v1,f7a44cdc.jpg,box-blur,3237300,3237300,small,29
Manual v1,photo-1544261378-1d991c5816d1.jpg,box-blur,21007588,21007588,small,205
Manual v1,cacce378.jpg,box-blur,24140196,24140196,small,237
Manual v1,photo-1546423214-2eee206174a5.jpg,box-blur,42150900,42150900,small,422
Manual v1,frozen-grass.JPG.jpg,box-blur,10654670,10654670,small,95
Manual v1,photo-1543441246-0c431f3ffe9d.jpg,box-blur,10640832,10640832,small,95
Manual v1,photo-1544886324-044d2b1e5820.jpg,box-blur,30083204,30083204,small,306
Manual v1,photo-1546013385-9318bcdef4d8.jpg,box-blur,10726625,10726625,small,95
Manual v1,photo-1547835633-40a93473c488.jpg,box-blur,7951108,7951108,small,72
Manual v1,photo-1545525501-0b4fe2f08cb3.jpg,box-blur,53979002,53979002,small,562
Manual v1,photo-1545912641-15610f3dbc9e.jpg,box-blur,5985009,5985009,small,54
Manual v1,photo-1544592787-1ac83baa30f0.jpg,box-blur,40170936,40170936,small,383
Manual v1,photo-1546977605-99ef7f8b45d9.jpg,box-blur,16409334,16409334,small,154
Manual v1,photo-1542850775-09dd9bbd2cca.jpg,box-blur,12197956,12197956,small,110
Manual v1,photo-1544989387-1bbbc71d2ef5.jpg,box-blur,23980004,23980004,small,240
Manual v1,photo-1543651425-3260f9c9ecfb.jpg,box-blur,30083204,30083204,small,305
Manual v1,photo-1543542849-dfa396b541c8.jpg,box-blur,10850118,10850118,small,100
Manual v1,photo-1543662001-afbc8eda785e.jpg,box-blur,12152420,12152420,small,110
Manual v1,photo-1547468731-cc0bd2f11351.jpg,box-blur,6927822,6927822,small,63
Manual v1,photo-1545504562-be62ffe9d4f6.jpg,box-blur,19943620,19943620,small,195
Manual v1,photo-1547084675-e5ddb2c1d438.jpg,box-blur,5233668,5233668,small,46
Manual v1,photo-1541757089-bc55ff4d0fec.jpg,box-blur,10930950,10930950,small,99
Manual v1,photo-1544896990-333044d0114c.jpg,box-blur,39526410,39526410,small,413
Manual v1,photo-1542178805-14a89821bb25.jpg,box-blur,23980004,23980004,small,240
Manual v1,photo-1547491205-feacae9c0c22.jpg,box-blur,23980004,23980004,small,242
Manual v1,fqUehZ3ZRru2Kh11qDBT_IMG_0042.jpg.jpg,box-blur,16573464,16573464,small,156
Manual v1,photo-1545906785-38f53f99e380.jpg,box-blur,25937604,25937604,small,261
Manual v1,photo-1546969430-d023da44cfec.jpg,box-blur,23980004,23980004,small,240
Manual v1,photo-1544920860-19cb1cccd53c.jpg,box-blur,12760830,12760830,small,114
Manual v1,photo-1546365831-cd36e1e4d63e.jpg,box-blur,30083204,30083204,small,304
Manual v1,photo-1545006360-b2a8d6fb91df.jpg,box-blur,19475300,19475300,small,192
Manual v1,photo-1544114449-8ffb1b7f555f.jpg,box-blur,11986004,11986004,small,109
Manual v1,f1f2ebf3.jpg,box-blur,12152420,12152420,small,112
Manual v1,photo-1547296899-c848d96b9961.jpg,box-blur,8971512,8971512,small,80
Manual v1,photo-1543867534-396c71972cdc.jpg,box-blur,22608768,22608768,small,217
Manual v1,photo-1544913776-90c1223073a3.jpg,box-blur,28403328,28403328,small,285
Manual v1,photo-1545262810-77515befe149.jpg,box-blur,23980004,23980004,small,236
Manual v1,1d8ef901.jpg,box-blur,16068612,16068612,small,149
Manual v1,photo-1542847887-e31e3471722a.jpg,box-blur,30083204,30083204,small,310
Manual v1,photo-1542291771-64f962701184.jpg,box-blur,12793572,12793572,small,117
Manual v1,photo-1544647593-59b72ae685d5.jpg,box-blur,9405747,9405747,small,94
Manual v1,photo-1543002601-b85cd5b8439b.jpg,box-blur,23980004,23980004,small,237
Manual v1,photo-1546540551-29dc0a3f6786.jpg,box-blur,7768188,7768188,small,70
Manual v1,photo-1543429625-d79f2d85bd29.jpg,box-blur,22711767,22711767,small,218
Manual v1,photo-1547487452-5bdd9ce63723.jpg,box-blur,20280492,20280492,medium,717
Manual v1,30ddbd81.jpg,box-blur,16044057,16044057,medium,553
Manual v1,pfHrY2VQaGJuCsrFljKy_IMG_0257.JPG.jpg,box-blur,4457401,4457401,medium,157
Manual v1,photo-1547413749-dd39525702cd.jpg,box-blur,23950025,23950025,medium,849
Manual v1,photo-1544259342-306eccfec481.jpg,box-blur,18825730,18825730,medium,612
Manual v1,photo-1546941180-073df0bc8154.jpg,box-blur,23950025,23950025,medium,802
Manual v1,f7a44cdc.jpg,box-blur,3226065,3226065,medium,103
Manual v1,photo-1544261378-1d991c5816d1.jpg,box-blur,20979529,20979529,medium,710
Manual v1,cacce378.jpg,box-blur,24110121,24110121,medium,803
Manual v1,photo-1546423214-2eee206174a5.jpg,box-blur,42111153,42111153,medium,1454
Manual v1,frozen-grass.JPG.jpg,box-blur,10634690,10634690,medium,340
Manual v1,photo-1543441246-0c431f3ffe9d.jpg,box-blur,10621065,10621065,medium,353
Manual v1,photo-1544886324-044d2b1e5820.jpg,box-blur,30049625,30049625,medium,978
Manual v1,photo-1546013385-9318bcdef4d8.jpg,box-blur,10706816,10706816,medium,357
Manual v1,photo-1547835633-40a93473c488.jpg,box-blur,7933849,7933849,medium,265
Manual v1,photo-1545525501-0b4fe2f08cb3.jpg,box-blur,53934020,53934020,medium,1848
Manual v1,photo-1545912641-15610f3dbc9e.jpg,box-blur,5970036,5970036,medium,188
Manual v1,photo-1544592787-1ac83baa30f0.jpg,box-blur,40132134,40132134,medium,1304
Manual v1,photo-1546977605-99ef7f8b45d9.jpg,box-blur,16384536,16384536,medium,543
Manual v1,photo-1542850775-09dd9bbd2cca.jpg,box-blur,12176569,12176569,medium,385
Manual v1,photo-1544989387-1bbbc71d2ef5.jpg,box-blur,23950025,23950025,medium,814
Manual v1,photo-1543651425-3260f9c9ecfb.jpg,box-blur,30049625,30049625,medium,1029
Manual v1,photo-1543542849-dfa396b541c8.jpg,box-blur,10830240,10830240,medium,369
Manual v1,photo-1543662001-afbc8eda785e.jpg,box-blur,12131081,12131081,medium,403
Manual v1,photo-1547468731-cc0bd2f11351.jpg,box-blur,6911940,6911940,medium,220
Manual v1,photo-1545504562-be62ffe9d4f6.jpg,box-blur,19916281,19916281,medium,677
Manual v1,photo-1547084675-e5ddb2c1d438.jpg,box-blur,5219865,5219865,medium,177
Manual v1,photo-1541757089-bc55ff4d0fec.jpg,box-blur,10910712,10910712,medium,370
Manual v1,photo-1544896990-333044d0114c.jpg,box-blur,39488148,39488148,medium,1327
Manual v1,photo-1542178805-14a89821bb25.jpg,box-blur,23950025,23950025,medium,813
Manual v1,photo-1547491205-feacae9c0c22.jpg,box-blur,23950025,23950025,medium,819
Manual v1,fqUehZ3ZRru2Kh11qDBT_IMG_0042.jpg.jpg,box-blur,16548543,16548543,medium,525
Manual v1,photo-1545906785-38f53f99e380.jpg,box-blur,25906425,25906425,medium,840
Manual v1,photo-1546969430-d023da44cfec.jpg,box-blur,23950025,23950025,medium,764
Manual v1,photo-1544920860-19cb1cccd53c.jpg,box-blur,12739272,12739272,medium,429
Manual v1,photo-1546365831-cd36e1e4d63e.jpg,box-blur,30049625,30049625,medium,992
Manual v1,photo-1545006360-b2a8d6fb91df.jpg,box-blur,19448201,19448201,medium,662
Manual v1,photo-1544114449-8ffb1b7f555f.jpg,box-blur,11965025,11965025,medium,400
Manual v1,f1f2ebf3.jpg,box-blur,12131081,12131081,medium,378
Manual v1,photo-1547296899-c848d96b9961.jpg,box-blur,8952795,8952795,medium,305
Manual v1,photo-1543867534-396c71972cdc.jpg,box-blur,22579659,22579659,medium,775
Manual v1,photo-1544913776-90c1223073a3.jpg,box-blur,28370700,28370700,medium,975
Manual v1,photo-1545262810-77515befe149.jpg,box-blur,23950025,23950025,medium,810
Manual v1,1d8ef901.jpg,box-blur,16044057,16044057,medium,526
Manual v1,photo-1542847887-e31e3471722a.jpg,box-blur,30049625,30049625,medium,984
Manual v1,photo-1542291771-64f962701184.jpg,box-blur,12771702,12771702,medium,405
Manual v1,photo-1544647593-59b72ae685d5.jpg,box-blur,9387240,9387240,medium,319
Manual v1,photo-1543002601-b85cd5b8439b.jpg,box-blur,23950025,23950025,medium,790
Manual v1,photo-1546540551-29dc0a3f6786.jpg,box-blur,7751370,7751370,medium,251
Manual v1,photo-1543429625-d79f2d85bd29.jpg,box-blur,22682592,22682592,medium,779
Manual v1,photo-1547487452-5bdd9ce63723.jpg,box-blur,20247408,20247408,large,1278
Manual v1,30ddbd81.jpg,box-blur,16024503,16024503,large,1010
Manual v1,pfHrY2VQaGJuCsrFljKy_IMG_0257.JPG.jpg,box-blur,4447063,4447063,large,281
Manual v1,photo-1547413749-dd39525702cd.jpg,box-blur,23926055,23926055,large,1511
Manual v1,photo-1544259342-306eccfec481.jpg,box-blur,18804478,18804478,large,1196
Manual v1,photo-1546941180-073df0bc8154.jpg,box-blur,23926055,23926055,large,1528
Manual v1,f7a44cdc.jpg,box-blur,3217983,3217983,large,199
Manual v1,photo-1544261378-1d991c5816d1.jpg,box-blur,20945863,20945863,large,1331
Manual v1,cacce378.jpg,box-blur,24086055,24086055,large,1536
Manual v1,photo-1546423214-2eee206174a5.jpg,box-blur,42079359,42079359,large,2642
Manual v1,frozen-grass.JPG.jpg,box-blur,10618718,10618718,large,682
Manual v1,photo-1543441246-0c431f3ffe9d.jpg,box-blur,10604139,10604139,large,679
Manual v1,photo-1544886324-044d2b1e5820.jpg,box-blur,30009335,30009335,large,1934
Manual v1,photo-1546013385-9318bcdef4d8.jpg,box-blur,10689584,10689584,large,673
Manual v1,photo-1547835633-40a93473c488.jpg,box-blur,7920055,7920055,large,503
Manual v1,photo-1545525501-0b4fe2f08cb3.jpg,box-blur,53898044,53898044,large,3471
Manual v1,photo-1545912641-15610f3dbc9e.jpg,box-blur,5952072,5952072,large,380
Manual v1,photo-1544592787-1ac83baa30f0.jpg,box-blur,40085586,40085586,large,2582
Manual v1,photo-1546977605-99ef7f8b45d9.jpg,box-blur,16364712,16364712,large,1055
Manual v1,photo-1542850775-09dd9bbd2cca.jpg,box-blur,12150871,12150871,large,779
Manual v1,photo-1544989387-1bbbc71d2ef5.jpg,box-blur,23926055,23926055,large,1535
Manual v1,photo-1543651425-3260f9c9ecfb.jpg,box-blur,30009335,30009335,large,1941
Manual v1,photo-1543542849-dfa396b541c8.jpg,box-blur,10808160,10808160,large,689
Manual v1,photo-1543662001-afbc8eda785e.jpg,box-blur,12114023,12114023,large,781
Manual v1,photo-1547468731-cc0bd2f11351.jpg,box-blur,6894300,6894300,large,434
Manual v1,photo-1545504562-be62ffe9d4f6.jpg,box-blur,19883479,19883479,large,1265
Manual v1,photo-1547084675-e5ddb2c1d438.jpg,box-blur,5204535,5204535,large,329
Manual v1,photo-1541757089-bc55ff4d0fec.jpg,box-blur,10894536,10894536,large,697
Manual v1,photo-1544896990-333044d0114c.jpg,box-blur,39443436,39443436,large,2516
Manual v1,photo-1542178805-14a89821bb25.jpg,box-blur,23926055,23926055,large,1501
Manual v1,photo-1547491205-feacae9c0c22.jpg,box-blur,23914055,23914055,large,1545
Manual v1,fqUehZ3ZRru2Kh11qDBT_IMG_0042.jpg.jpg,box-blur,16528617,16528617,large,1070
Manual v1,photo-1545906785-38f53f99e380.jpg,box-blur,25881495,25881495,large,1655
Manual v1,photo-1546969430-d023da44cfec.jpg,box-blur,23914055,23914055,large,1550
Manual v1,photo-1544920860-19cb1cccd53c.jpg,box-blur,12715326,12715326,large,817
Manual v1,photo-1546365831-cd36e1e4d63e.jpg,box-blur,30022775,30022775,large,1906
Manual v1,photo-1545006360-b2a8d6fb91df.jpg,box-blur,19415303,19415303,large,1252
Manual v1,photo-1544114449-8ffb1b7f555f.jpg,box-blur,11947055,11947055,large,769
Manual v1,f1f2ebf3.jpg,box-blur,12114023,12114023,large,778
Manual v1,photo-1547296899-c848d96b9961.jpg,box-blur,8928825,8928825,large,575
Manual v1,photo-1543867534-396c71972cdc.jpg,box-blur,22556385,22556385,large,1441
Manual v1,photo-1544913776-90c1223073a3.jpg,box-blur,28344612,28344612,large,1792
Manual v1,photo-1545262810-77515befe149.jpg,box-blur,23926055,23926055,large,1513
Manual v1,1d8ef901.jpg,box-blur,16024503,16024503,large,1018
Manual v1,photo-1542847887-e31e3471722a.jpg,box-blur,30022775,30022775,large,1927
Manual v1,photo-1542291771-64f962701184.jpg,box-blur,12745584,12745584,large,824
Manual v1,photo-1544647593-59b72ae685d5.jpg,box-blur,9366684,9366684,large,599
Manual v1,photo-1543002601-b85cd5b8439b.jpg,box-blur,23926055,23926055,large,1538
Manual v1,photo-1546540551-29dc0a3f6786.jpg,box-blur,7732692,7732692,large,491
Manual v1,photo-1543429625-d79f2d85bd29.jpg,box-blur,22659264,22659264,large,1449
Manual v1,photo-1547487452-5bdd9ce63723.jpg,gaussian,20308077,20308077,small,190
Manual v1,30ddbd81.jpg,gaussian,16068612,16068612,small,150
Manual v1,pfHrY2VQaGJuCsrFljKy_IMG_0257.JPG.jpg,gaussian,4470340,4470340,small,39
Manual v1,photo-1547413749-dd39525702cd.jpg,gaussian,23980004,23980004,small,228
Manual v1,photo-1544259342-306eccfec481.jpg,gaussian,18852310,18852310,small,177
Manual v1,photo-1546941180-073df0bc8154.jpg,gaussian,23980004,23980004,small,232
Manual v1,f7a44cdc.jpg,gaussian,3237300,3237300,small,28
Manual v1,photo-1544261378-1d991c5816d1.jpg,gaussian,21007588,21007588,small,199
Manual v1,cacce378.jpg,gaussian,24140196,24140196,small,236
Manual v1,photo-1546423214-2eee206174a5.jpg,gaussian,42150900,42150900,small,431
Manual v1,frozen-grass.JPG.jpg,gaussian,10654670,10654670,small,95
Manual v1,photo-1543441246-0c431f3ffe9d.jpg,gaussian,10640832,10640832,small,95
Manual v1,photo-1544886324-044d2b1e5820.jpg,gaussian,30083204,30083204,small,281
Manual v1,photo-1546013385-9318bcdef4d8.jpg,gaussian,10726625,10726625,small,97
Manual v1,photo-1547835633-40a93473c488.jpg,gaussian,7951108,7951108,small,74
Manual v1,photo-1545525501-0b4fe2f08cb3.jpg,gaussian,53979002,53979002,small,555
Manual v1,photo-1545912641-15610f3dbc9e.jpg,gaussian,5985009,5985009,small,52
Manual v1,photo-1544592787-1ac83baa30f0.jpg,gaussian,40170936,40170936,small,414
Manual v1,photo-1546977605-99ef7f8b45d9.jpg,gaussian,16409334,16409334,small,153
Manual v1,photo-1542850775-09dd9bbd2cca.jpg,gaussian,12197956,12197956,small,109
Manual v1,photo-1544989387-1bbbc71d2ef5.jpg,gaussian,23980004,23980004,small,236
Manual v1,photo-1543651425-3260f9c9ecfb.jpg,gaussian,30083204,30083204,small,296
Manual v1,photo-1543542849-dfa396b541c8.jpg,gaussian,10850118,10850118,small,96
Manual v1,photo-1543662001-afbc8eda785e.jpg,gaussian,12152420,12152420,small,108
Manual v1,photo-1547468731-cc0bd2f11351.jpg,gaussian,6927822,6927822,small,62
Manual v1,photo-1545504562-be62ffe9d4f6.jpg,gaussian,19943620,19943620,small,190
Manual v1,photo-1547084675-e5ddb2c1d438.jpg,gaussian,5233668,5233668,small,46
Manual v1,photo-1541757089-bc55ff4d0fec.jpg,gaussian,10930950,10930950,small,98
Manual v1,photo-1544896990-333044d0114c.jpg,gaussian,39526410,39526410,small,404
Manual v1,photo-1542178805-14a89821bb25.jpg,gaussian,23980004,23980004,small,229
Manual v1,photo-1547491205-feacae9c0c22.jpg,gaussian,23980004,23980004,small,232
Manual v1,fqUehZ3ZRru2Kh11qDBT_IMG_0042.jpg.jpg,gaussian,16573464,16573464,small,150
Manual v1,photo-1545906785-38f53f99e380.jpg,gaussian,25937604,25937604,small,253
Manual v1,photo-1546969430-d023da44cfec.jpg,gaussian,23980004,23980004,small,233
Manual v1,photo-1544920860-19cb1cccd53c.jpg,gaussian,12760830,12760830,small,114
Manual v1,photo-1546365831-cd36e1e4d63e.jpg,gaussian,30083204,30083204,small,299
Manual v1,photo-1545006360-b2a8d6fb91df.jpg,gaussian,19475300,19475300,small,187
Manual v1,photo-1544114449-8ffb1b7f555f.jpg,gaussian,11986004,11986004,small,107
Manual v1,f1f2ebf3.jpg,gaussian,12152420,12152420,small,108
Manual v1,photo-1547296899-c848d96b9961.jpg,gaussian,8971512,8971512,small,86
Manual v1,photo-1543867534-396c71972cdc.jpg,gaussian,22608768,22608768,small,219
Manual v1,photo-1544913776-90c1223073a3.jpg,gaussian,28403328,28403328,small,279
Manual v1,photo-1545262810-77515befe149.jpg,gaussian,23980004,23980004,small,232
Manual v1,1d8ef901.jpg,gaussian,16068612,16068612,small,148
Manual v1,photo-1542847887-e31e3471722a.jpg,gaussian,30083204,30083204,small,281
Manual v1,photo-1542291771-64f962701184.jpg,gaussian,12793572,12793572,small,114
Manual v1,photo-1544647593-59b72ae685d5.jpg,gaussian,9405747,9405747,small,88
Manual v1,photo-1543002601-b85cd5b8439b.jpg,gaussian,23980004,23980004,small,229
Manual v1,photo-1546540551-29dc0a3f6786.jpg,gaussian,7768188,7768188,small,72
Manual v1,photo-1543429625-d79f2d85bd29.jpg,gaussian,22711767,22711767,small,216
Manual v1,photo-1547487452-5bdd9ce63723.jpg,gaussian,20280492,20280492,medium,657
Manual v1,30ddbd81.jpg,gaussian,16044057,16044057,medium,531
Manual v1,pfHrY2VQaGJuCsrFljKy_IMG_0257.JPG.jpg,gaussian,4457401,4457401,medium,150
Manual v1,photo-1547413749-dd39525702cd.jpg,gaussian,23950025,23950025,medium,832
Manual v1,photo-1544259342-306eccfec481.jpg,gaussian,18825730,18825730,medium,645
Manual v1,photo-1546941180-073df0bc8154.jpg,gaussian,23950025,23950025,medium,839
Manual v1,f7a44cdc.jpg,gaussian,3226065,3226065,medium,110
Manual v1,photo-1544261378-1d991c5816d1.jpg,gaussian,20979529,20979529,medium,733
Manual v1,cacce378.jpg,gaussian,24110121,24110121,medium,818
Manual v1,photo-1546423214-2eee206174a5.jpg,gaussian,42111153,42111153,medium,1494
Manual v1,frozen-grass.JPG.jpg,gaussian,10634690,10634690,medium,367
Manual v1,photo-1543441246-0c431f3ffe9d.jpg,gaussian,10621065,10621065,medium,373
Manual v1,photo-1544886324-044d2b1e5820.jpg,gaussian,30049625,30049625,medium,1058
Manual v1,photo-1546013385-9318bcdef4d8.jpg,gaussian,10706816,10706816,medium,366
Manual v1,photo-1547835633-40a93473c488.jpg,gaussian,7933849,7933849,medium,271
Manual v1,photo-1545525501-0b4fe2f08cb3.jpg,gaussian,53934020,53934020,medium,1893
Manual v1,photo-1545912641-15610f3dbc9e.jpg,gaussian,5970036,5970036,medium,192
Manual v1,photo-1544592787-1ac83baa30f0.jpg,gaussian,40132134,40132134,medium,1415
Manual v1,photo-1546977605-99ef7f8b45d9.jpg,gaussian,16384536,16384536,medium,580
Manual v1,photo-1542850775-09dd9bbd2cca.jpg,gaussian,12176569,12176569,medium,423
Manual v1,photo-1544989387-1bbbc71d2ef5.jpg,gaussian,23950025,23950025,medium,809
Manual v1,photo-1543651425-3260f9c9ecfb.jpg,gaussian,30049625,30049625,medium,1064
Manual v1,photo-1543542849-dfa396b541c8.jpg,gaussian,10830240,10830240,medium,372
Manual v1,photo-1543662001-afbc8eda785e.jpg,gaussian,12131081,12131081,medium,415
Manual v1,photo-1547468731-cc0bd2f11351.jpg,gaussian,6911940,6911940,medium,244
Manual v1,photo-1545504562-be62ffe9d4f6.jpg,gaussian,19916281,19916281,medium,694
Manual v1,photo-1547084675-e5ddb2c1d438.jpg,gaussian,5219865,5219865,medium,160
Manual v1,photo-1541757089-bc55ff4d0fec.jpg,gaussian,10910712,10910712,medium,382
Manual v1,photo-1544896990-333044d0114c.jpg,gaussian,39488148,39488148,medium,1370
Manual v1,photo-1542178805-14a89821bb25.jpg,gaussian,23950025,23950025,medium,850
Manual v1,photo-1547491205-feacae9c0c22.jpg,gaussian,23950025,23950025,medium,835
Manual v1,fqUehZ3ZRru2Kh11qDBT_IMG_0042.jpg.jpg,gaussian,16548543,16548543,medium,580
Manual v1,photo-1545906785-38f53f99e380.jpg,gaussian,25906425,25906425,medium,922
Manual v1,photo-1546969430-d023da44cfec.jpg,gaussian,23950025,23950025,medium,852
Manual v1,photo-1544920860-19cb1cccd53c.jpg,gaussian,12739272,12739272,medium,419
Manual v1,photo-1546365831-cd36e1e4d63e.jpg,gaussian,30049625,30049625,medium,1060
Manual v1,photo-1545006360-b2a8d6fb91df.jpg,gaussian,19448201,19448201,medium,675
Manual v1,photo-1544114449-8ffb1b7f555f.jpg,gaussian,11965025,11965025,medium,427
Manual v1,f1f2ebf3.jpg,gaussian,12131081,12131081,medium,410
Manual v1,photo-1547296899-c848d96b9961.jpg,gaussian,8952795,8952795,medium,318
Manual v1,photo-1543867534-396c71972cdc.jpg,gaussian,22579659,22579659,medium,767
Manual v1,photo-1544913776-90c1223073a3.jpg,gaussian,28370700,28370700,medium,904
Manual v1,photo-1545262810-77515befe149.jpg,gaussian,23950025,23950025,medium,775
Manual v1,1d8ef901.jpg,gaussian,16044057,16044057,medium,526
Manual v1,photo-1542847887-e31e3471722a.jpg,gaussian,30049625,30049625,medium,1056
Manual v1,photo-1542291771-64f962701184.jpg,gaussian,12771702,12771702,medium,443
Manual v1,photo-1544647593-59b72ae685d5.jpg,gaussian,9387240,9387240,medium,324
Manual v1,photo-1543002601-b85cd5b8439b.jpg,gaussian,23950025,23950025,medium,844
Manual v1,photo-1546540551-29dc0a3f6786.jpg,gaussian,7751370,7751370,medium,261
Manual v1,photo-1543429625-d79f2d85bd29.jpg,gaussian,22682592,22682592,medium,773
Manual v2,photo-1547487452-5bdd9ce63723.jpg,ridge,20320082,20320295,small,49
Manual v2,30ddbd81.jpg,ridge,16068612,16068612,small,40
Manual v2,pfHrY2VQaGJuCsrFljKy_IMG_0257.JPG.jpg,ridge,4470340,4470340,small,14
Manual v2,photo-1547413749-dd39525702cd.jpg,ridge,23980004,23980004,small,53
Manual v2,photo-1544259342-306eccfec481.jpg,ridge,18852310,18852310,small,43
Manual v2,photo-1546941180-073df0bc8154.jpg,ridge,23980004,23980004,small,52
Manual v2,f7a44cdc.jpg,ridge,3237300,3237300,small,8
Manual v2,photo-1544261378-1d991c5816d1.jpg,ridge,21007588,21007588,small,51
Manual v2,cacce378.jpg,ridge,24140196,24140196,small,49
Manual v2,photo-1546423214-2eee206174a5.jpg,ridge,42150900,42150900,small,89
Manual v2,frozen-grass.JPG.jpg,ridge,10654670,10654670,small,29
Manual v2,photo-1543441246-0c431f3ffe9d.jpg,ridge,10640832,10640832,small,23
Manual v2,photo-1544886324-044d2b1e5820.jpg,ridge,30083204,30083204,small,71
Manual v2,photo-1546013385-9318bcdef4d8.jpg,ridge,10726625,10726625,small,25
Manual v2,photo-1547835633-40a93473c488.jpg,ridge,7951108,7951108,small,17
Manual v2,photo-1545525501-0b4fe2f08cb3.jpg,ridge,53979002,53979002,small,122
Manual v2,photo-1545912641-15610f3dbc9e.jpg,ridge,5985009,5985009,small,15
Manual v2,photo-1544592787-1ac83baa30f0.jpg,ridge,40170936,40170936,small,97
Manual v2,photo-1546977605-99ef7f8b45d9.jpg,ridge,16409334,16409334,small,36
Manual v2,photo-1542850775-09dd9bbd2cca.jpg,ridge,12197956,12197956,small,33
Manual v2,photo-1544989387-1bbbc71d2ef5.jpg,ridge,23980510,23980510,small,54
Manual v2,photo-1543651425-3260f9c9ecfb.jpg,ridge,30083204,30083204,small,68
Manual v2,photo-1543542849-dfa396b541c8.jpg,ridge,10850118,10850118,small,27
Manual v2,photo-1543662001-afbc8eda785e.jpg,ridge,12152420,12152420,small,27
Manual v2,photo-1547468731-cc0bd2f11351.jpg,ridge,6927822,6927822,small,17
Manual v2,photo-1545504562-be62ffe9d4f6.jpg,ridge,19943620,19943620,small,49
Manual v2,photo-1547084675-e5ddb2c1d438.jpg,ridge,5233668,5233668,small,14
Manual v2,photo-1541757089-bc55ff4d0fec.jpg,ridge,10930950,10930950,small,24
Manual v2,photo-1544896990-333044d0114c.jpg,ridge,39526410,39526410,small,92
Manual v2,photo-1542178805-14a89821bb25.jpg,ridge,23980004,23980004,small,51
Manual v2,photo-1547491205-feacae9c0c22.jpg,ridge,23980004,23980004,small,62
Manual v2,fqUehZ3ZRru2Kh11qDBT_IMG_0042.jpg.jpg,ridge,16573464,16573464,small,39
Manual v2,photo-1545906785-38f53f99e380.jpg,ridge,25937604,25937604,small,53
Manual v2,photo-1546969430-d023da44cfec.jpg,ridge,23980004,23980004,small,65
Manual v2,photo-1544920860-19cb1cccd53c.jpg,ridge,12760830,12760830,small,30
Manual v2,photo-1546365831-cd36e1e4d63e.jpg,ridge,30083204,30083204,small,62
Manual v2,photo-1545006360-b2a8d6fb91df.jpg,ridge,19475300,19475300,small,48
Manual v2,photo-1544114449-8ffb1b7f555f.jpg,ridge,11986004,11986004,small,28
Manual v2,f1f2ebf3.jpg,ridge,12152420,12152420,small,32
Manual v2,photo-1547296899-c848d96b9961.jpg,ridge,8971512,8971512,small,23
Manual v2,photo-1543867534-396c71972cdc.jpg,ridge,22608768,22608768,small,52
Manual v2,photo-1544913776-90c1223073a3.jpg,ridge,28403834,28403834,small,65
Manual v2,photo-1545262810-77515befe149.jpg,ridge,23980004,23980004,small,62
Manual v2,1d8ef901.jpg,ridge,16068612,16068612,small,35
Manual v2,photo-1542847887-e31e3471722a.jpg,ridge,30083204,30083204,small,66
Manual v2,photo-1542291771-64f962701184.jpg,ridge,12793572,12793572,small,39
Manual v2,photo-1544647593-59b72ae685d5.jpg,ridge,9405747,9405747,small,23
Manual v2,photo-1543002601-b85cd5b8439b.jpg,ridge,23980004,23980004,small,52
Manual v2,photo-1546540551-29dc0a3f6786.jpg,ridge,7768188,7768188,small,21
Manual v2,photo-1543429625-d79f2d85bd29.jpg,ridge,22711767,22711767,small,52
Manual v2,photo-1547487452-5bdd9ce63723.jpg,ridge,20292497,20292710,medium,103
Manual v2,30ddbd81.jpg,ridge,16044057,16044057,medium,80
Manual v2,pfHrY2VQaGJuCsrFljKy_IMG_0257.JPG.jpg,ridge,4457401,4457401,medium,25
Manual v2,photo-1547413749-dd39525702cd.jpg,ridge,23950025,23950025,medium,117
Manual v2,photo-1544259342-306eccfec481.jpg,ridge,18825730,18825730,medium,93
Manual v2,photo-1546941180-073df0bc8154.jpg,ridge,23950025,23950025,medium,113
Manual v2,f7a44cdc.jpg,ridge,3226065,3226065,medium,18
Manual v2,photo-1544261378-1d991c5816d1.jpg,ridge,20979529,20979529,medium,106
Manual v2,cacce378.jpg,ridge,24110121,24110121,medium,127
Manual v2,photo-1546423214-2eee206174a5.jpg,ridge,42111153,42111153,medium,208
Manual v2,frozen-grass.JPG.jpg,ridge,10634690,10634690,medium,54
Manual v2,photo-1543441246-0c431f3ffe9d.jpg,ridge,10621065,10621065,medium,55
Manual v2,photo-1544886324-044d2b1e5820.jpg,ridge,30049625,30049625,medium,154
Manual v2,photo-1546013385-9318bcdef4d8.jpg,ridge,10706816,10706816,medium,57
Manual v2,photo-1547835633-40a93473c488.jpg,ridge,7933849,7933849,medium,40
Manual v2,photo-1545525501-0b4fe2f08cb3.jpg,ridge,53934020,53934020,medium,257
Manual v2,photo-1545912641-15610f3dbc9e.jpg,ridge,5970036,5970036,medium,34
Manual v2,photo-1544592787-1ac83baa30f0.jpg,ridge,40132134,40132134,medium,199
Manual v2,photo-1546977605-99ef7f8b45d9.jpg,ridge,16384536,16384536,medium,80
Manual v2,photo-1542850775-09dd9bbd2cca.jpg,ridge,12176569,12176569,medium,65
Manual v2,photo-1544989387-1bbbc71d2ef5.jpg,ridge,23950531,23950531,medium,115
Manual v2,photo-1543651425-3260f9c9ecfb.jpg,ridge,30049625,30049625,medium,150
Manual v2,photo-1543542849-dfa396b541c8.jpg,ridge,10830240,10830240,medium,55
Manual v2,photo-1543662001-afbc8eda785e.jpg,ridge,12131081,12131081,medium,63
Manual v2,photo-1547468731-cc0bd2f11351.jpg,ridge,6911940,6911940,medium,37
Manual v2,photo-1545504562-be62ffe9d4f6.jpg,ridge,19916281,19916281,medium,104
Manual v2,photo-1547084675-e5ddb2c1d438.jpg,ridge,5219865,5219865,medium,31
Manual v2,photo-1541757089-bc55ff4d0fec.jpg,ridge,10910712,10910712,medium,57
Manual v2,photo-1544896990-333044d0114c.jpg,ridge,39488148,39488148,medium,197
Manual v2,photo-1542178805-14a89821bb25.jpg,ridge,23950025,23950025,medium,115
Manual v2,photo-1547491205-feacae9c0c22.jpg,ridge,23950025,23950025,medium,120
Manual v2,fqUehZ3ZRru2Kh11qDBT_IMG_0042.jpg.jpg,ridge,16548543,16548543,medium,81
Manual v2,photo-1545906785-38f53f99e380.jpg,ridge,25906425,25906425,medium,126
Manual v2,photo-1546969430-d023da44cfec.jpg,ridge,23950025,23950025,medium,132
Manual v2,photo-1544920860-19cb1cccd53c.jpg,ridge,12739272,12739272,medium,68
Manual v2,photo-1546365831-cd36e1e4d63e.jpg,ridge,30049625,30049625,medium,145
Manual v2,photo-1545006360-b2a8d6fb91df.jpg,ridge,19448201,19448201,medium,100
Manual v2,photo-1544114449-8ffb1b7f555f.jpg,ridge,11965025,11965025,medium,62
Manual v2,f1f2ebf3.jpg,ridge,12131081,12131081,medium,61
Manual v2,photo-1547296899-c848d96b9961.jpg,ridge,8952795,8952795,medium,54
Manual v2,photo-1543867534-396c71972cdc.jpg,ridge,22579659,22579659,medium,110
Manual v2,photo-1544913776-90c1223073a3.jpg,ridge,28371206,28371206,medium,138
Manual v2,photo-1545262810-77515befe149.jpg,ridge,23950025,23950025,medium,115
Manual v2,1d8ef901.jpg,ridge,16044057,16044057,medium,80
Manual v2,photo-1542847887-e31e3471722a.jpg,ridge,30049625,30049625,medium,146
Manual v2,photo-1542291771-64f962701184.jpg,ridge,12771702,12771702,medium,65
Manual v2,photo-1544647593-59b72ae685d5.jpg,ridge,9387240,9387240,medium,52
Manual v2,photo-1543002601-b85cd5b8439b.jpg,ridge,23950025,23950025,medium,118
Manual v2,photo-1546540551-29dc0a3f6786.jpg,ridge,7751370,7751370,medium,44
Manual v2,photo-1543429625-d79f2d85bd29.jpg,ridge,22682592,22682592,medium,113
Manual v2,photo-1547487452-5bdd9ce63723.jpg,ridge,20237381,20237594,large,356
Manual v2,30ddbd81.jpg,ridge,15995001,15995001,large,275
Manual v2,pfHrY2VQaGJuCsrFljKy_IMG_0257.JPG.jpg,ridge,4431577,4431577,large,84
Manual v2,photo-1547413749-dd39525702cd.jpg,ridge,23890121,23890121,large,409
Manual v2,photo-1544259342-306eccfec481.jpg,ridge,18772624,18772624,large,340
Manual v2,photo-1546941180-073df0bc8154.jpg,ridge,23890121,23890121,large,417
Manual v2,f7a44cdc.jpg,ridge,3203649,3203649,large,56
Manual v2,photo-1544261378-1d991c5816d1.jpg,ridge,20923465,20923465,large,371
Manual v2,cacce378.jpg,ridge,24050025,24050025,large,420
Manual v2,photo-1546423214-2eee206174a5.jpg,ridge,42031713,42031713,large,723
Manual v2,frozen-grass.JPG.jpg,ridge,10594784,10594784,large,184
Manual v2,photo-1543441246-0c431f3ffe9d.jpg,ridge,10581585,10581585,large,186
Manual v2,photo-1544886324-044d2b1e5820.jpg,ridge,29982521,29982521,large,521
Manual v2,photo-1546013385-9318bcdef4d8.jpg,ridge,10667252,10667252,large,183
Manual v2,photo-1547835633-40a93473c488.jpg,ridge,7899385,7899385,large,138
Manual v2,photo-1545525501-0b4fe2f08cb3.jpg,ridge,53844110,53844110,large,918
Manual v2,photo-1545912641-15610f3dbc9e.jpg,ridge,5940144,5940144,large,108
Manual v2,photo-1544592787-1ac83baa30f0.jpg,ridge,40054584,40054584,large,691
Manual v2,photo-1546977605-99ef7f8b45d9.jpg,ridge,16334994,16334994,large,288
Manual v2,photo-1542850775-09dd9bbd2cca.jpg,ridge,12133849,12133849,large,211
Manual v2,photo-1544989387-1bbbc71d2ef5.jpg,ridge,23890627,23890627,large,415
Manual v2,photo-1543651425-3260f9c9ecfb.jpg,ridge,29982521,29982521,large,526
Manual v2,photo-1543542849-dfa396b541c8.jpg,ridge,10790538,10790538,large,190
Manual v2,photo-1543662001-afbc8eda785e.jpg,ridge,12088457,12088457,large,210
Manual v2,photo-1547468731-cc0bd2f11351.jpg,ridge,6880230,6880230,large,125
Manual v2,photo-1545504562-be62ffe9d4f6.jpg,ridge,19861657,19861657,large,356
Manual v2,photo-1547084675-e5ddb2c1d438.jpg,ridge,5192313,5192313,large,91
Manual v2,photo-1541757089-bc55ff4d0fec.jpg,ridge,10870290,10870290,large,188
Manual v2,photo-1544896990-333044d0114c.jpg,ridge,39411678,39411678,large,687
Manual v2,photo-1542178805-14a89821bb25.jpg,ridge,23890121,23890121,large,417
Manual v2,photo-1547491205-feacae9c0c22.jpg,ridge,23890121,23890121,large,421
Manual v2,fqUehZ3ZRru2Kh11qDBT_IMG_0042.jpg.jpg,ridge,16498755,16498755,large,314
Manual v2,photo-1545906785-38f53f99e380.jpg,ridge,25844121,25844121,large,445
Manual v2,photo-1546969430-d023da44cfec.jpg,ridge,23890121,23890121,large,423
Manual v2,photo-1544920860-19cb1cccd53c.jpg,ridge,12696210,12696210,large,217
Manual v2,photo-1546365831-cd36e1e4d63e.jpg,ridge,29982521,29982521,large,522
Manual v2,photo-1545006360-b2a8d6fb91df.jpg,ridge,19394057,19394057,large,343
Manual v2,photo-1544114449-8ffb1b7f555f.jpg,ridge,11923121,11923121,large,210
Manual v2,f1f2ebf3.jpg,ridge,12088457,12088457,large,207
Manual v2,photo-1547296899-c848d96b9961.jpg,ridge,8915415,8915415,large,169
Manual v2,photo-1543867534-396c71972cdc.jpg,ridge,22521495,22521495,large,387
Manual v2,photo-1544913776-90c1223073a3.jpg,ridge,28306004,28306004,large,509
Manual v2,photo-1545262810-77515befe149.jpg,ridge,23890121,23890121,large,411
Manual v2,1d8ef901.jpg,ridge,15995001,15995001,large,279
Manual v2,photo-1542847887-e31e3471722a.jpg,ridge,29982521,29982521,large,514
Manual v2,photo-1542291771-64f962701184.jpg,ridge,12728016,12728016,large,232
Manual v2,photo-1544647593-59b72ae685d5.jpg,ridge,9350280,9350280,large,176
Manual v2,photo-1543002601-b85cd5b8439b.jpg,ridge,23890121,23890121,large,408
Manual v2,photo-1546540551-29dc0a3f6786.jpg,ridge,7717788,7717788,large,135
Manual v2,photo-1543429625-d79f2d85bd29.jpg,ridge,22624296,22624296,large,388
Manual v2,photo-1547487452-5bdd9ce63723.jpg,sharpen,20320082,20320295,small,57
Manual v2,30ddbd81.jpg,sharpen,16068612,16068612,small,39
Manual v2,pfHrY2VQaGJuCsrFljKy_IMG_0257.JPG.jpg,sharpen,4470340,4470340,small,14
Manual v2,photo-1547413749-dd39525702cd.jpg,sharpen,23980004,23980004,small,53
Manual v2,photo-1544259342-306eccfec481.jpg,sharpen,18852310,18852310,small,55
Manual v2,photo-1546941180-073df0bc8154.jpg,sharpen,23980004,23980004,small,53
Manual v2,f7a44cdc.jpg,sharpen,3237300,3237300,small,10
Manual v2,photo-1544261378-1d991c5816d1.jpg,sharpen,21007588,21007588,small,61
Manual v2,cacce378.jpg,sharpen,24140196,24140196,small,52
Manual v2,photo-1546423214-2eee206174a5.jpg,sharpen,42150900,42150900,small,94
Manual v2,frozen-grass.JPG.jpg,sharpen,10654670,10654670,small,38
Manual v2,photo-1543441246-0c431f3ffe9d.jpg,sharpen,10640832,10640832,small,28
Manual v2,photo-1544886324-044d2b1e5820.jpg,sharpen,30083204,30083204,small,78
Manual v2,photo-1546013385-9318bcdef4d8.jpg,sharpen,10726625,10726625,small,28
Manual v2,photo-1547835633-40a93473c488.jpg,sharpen,7951108,7951108,small,20
Manual v2,photo-1545525501-0b4fe2f08cb3.jpg,sharpen,53979002,53979002,small,140
Manual v2,photo-1545912641-15610f3dbc9e.jpg,sharpen,5985009,5985009,small,22
Manual v2,photo-1544592787-1ac83baa30f0.jpg,sharpen,40170936,40170936,small,101
Manual v2,photo-1546977605-99ef7f8b45d9.jpg,sharpen,16409334,16409334,small,35
Manual v2,photo-1542850775-09dd9bbd2cca.jpg,sharpen,12197956,12197956,small,34
Manual v2,photo-1544989387-1bbbc71d2ef5.jpg,sharpen,23980510,23980510,small,52
Manual v2,photo-1543651425-3260f9c9ecfb.jpg,sharpen,30083204,30083204,small,84
Manual v2,photo-1543542849-dfa396b541c8.jpg,sharpen,10850118,10850118,small,28
Manual v2,photo-1543662001-afbc8eda785e.jpg,sharpen,12152420,12152420,small,29
Manual v2,photo-1547468731-cc0bd2f11351.jpg,sharpen,6927822,6927822,small,17
Manual v2,photo-1545504562-be62ffe9d4f6.jpg,sharpen,19943620,19943620,small,61
Manual v2,photo-1547084675-e5ddb2c1d438.jpg,sharpen,5233668,5233668,small,16
Manual v2,photo-1541757089-bc55ff4d0fec.jpg,sharpen,10930950,10930950,small,28
Manual v2,photo-1544896990-333044d0114c.jpg,sharpen,39526410,39526410,small,102
Manual v2,photo-1542178805-14a89821bb25.jpg,sharpen,23980004,23980004,small,53
Manual v2,photo-1547491205-feacae9c0c22.jpg,sharpen,23980004,23980004,small,66
Manual v2,fqUehZ3ZRru2Kh11qDBT_IMG_0042.jpg.jpg,sharpen,16573464,16573464,small,42
Manual v2,photo-1545906785-38f53f99e380.jpg,sharpen,25937604,25937604,small,58
Manual v2,photo-1546969430-d023da44cfec.jpg,sharpen,23980004,23980004,small,68
Manual v2,photo-1544920860-19cb1cccd53c.jpg,sharpen,12760830,12760830,small,45
Manual v2,photo-1546365831-cd36e1e4d63e.jpg,sharpen,30083204,30083204,small,65
Manual v2,photo-1545006360-b2a8d6fb91df.jpg,sharpen,19475300,19475300,small,49
Manual v2,photo-1544114449-8ffb1b7f555f.jpg,sharpen,11986004,11986004,small,28
Manual v2,f1f2ebf3.jpg,sharpen,12152420,12152420,small,46
Manual v2,photo-1547296899-c848d96b9961.jpg,sharpen,8971512,8971512,small,21
Manual v2,photo-1543867534-396c71972cdc.jpg,sharpen,22608768,22608768,small,47
Manual v2,photo-1544913776-90c1223073a3.jpg,sharpen,28403834,28403834,small,67
Manual v2,photo-1545262810-77515befe149.jpg,sharpen,23980004,23980004,small,50
Manual v2,1d8ef901.jpg,sharpen,16068612,16068612,small,37
Manual v2,photo-1542847887-e31e3471722a.jpg,sharpen,30083204,30083204,small,71
Manual v2,photo-1542291771-64f962701184.jpg,sharpen,12793572,12793572,small,35
Manual v2,photo-1544647593-59b72ae685d5.jpg,sharpen,9405747,9405747,small,24
Manual v2,photo-1543002601-b85cd5b8439b.jpg,sharpen,23980004,23980004,small,53
Manual v2,photo-1546540551-29dc0a3f6786.jpg,sharpen,7768188,7768188,small,21
Manual v2,photo-1543429625-d79f2d85bd29.jpg,sharpen,22711767,22711767,small,52
Manual v2,photo-1547487452-5bdd9ce63723.jpg,sharpen,20292497,20292710,medium,115
Manual v2,30ddbd81.jpg,sharpen,16044057,16044057,medium,89
Manual v2,pfHrY2VQaGJuCsrFljKy_IMG_0257.JPG.jpg,sharpen,4457401,4457401,medium,26
Manual v2,photo-1547413749-dd39525702cd.jpg,sharpen,23950025,23950025,medium,126
Manual v2,photo-1544259342-306eccfec481.jpg,sharpen,18825730,18825730,medium,98
Manual v2,photo-1546941180-073df0bc8154.jpg,sharpen,23950025,23950025,medium,119
Manual v2,f7a44cdc.jpg,sharpen,3226065,3226065,medium,20
Manual v2,photo-1544261378-1d991c5816d1.jpg,sharpen,20979529,20979529,medium,108
Manual v2,cacce378.jpg,sharpen,24110121,24110121,medium,131
Manual v2,photo-1546423214-2eee206174a5.jpg,sharpen,42111153,42111153,medium,212
Manual v2,frozen-grass.JPG.jpg,sharpen,10634690,10634690,medium,59
Manual v2,photo-1543441246-0c431f3ffe9d.jpg,sharpen,10621065,10621065,medium,54
Manual v2,photo-1544886324-044d2b1e5820.jpg,sharpen,30049625,30049625,medium,158
Manual v2,photo-1546013385-9318bcdef4d8.jpg,sharpen,10706816,10706816,medium,57
Manual v2,photo-1547835633-40a93473c488.jpg,sharpen,7933849,7933849,medium,51
Manual v2,photo-1545525501-0b4fe2f08cb3.jpg,sharpen,53934020,53934020,medium,265
Manual v2,photo-1545912641-15610f3dbc9e.jpg,sharpen,5970036,5970036,medium,33
Manual v2,photo-1544592787-1ac83baa30f0.jpg,sharpen,40132134,40132134,medium,219
Manual v2,photo-1546977605-99ef7f8b45d9.jpg,sharpen,16384536,16384536,medium,87
Manual v2,photo-1542850775-09dd9bbd2cca.jpg,sharpen,12176569,12176569,medium,76
Manual v2,photo-1544989387-1bbbc71d2ef5.jpg,sharpen,23950531,23950531,medium,121
Manual v2,photo-1543651425-3260f9c9ecfb.jpg,sharpen,30049625,30049625,medium,154
Manual v2,photo-1543542849-dfa396b541c8.jpg,sharpen,10830240,10830240,medium,64
Manual v2,photo-1543662001-afbc8eda785e.jpg,sharpen,12131081,12131081,medium,63
Manual v2,photo-1547468731-cc0bd2f11351.jpg,sharpen,6911940,6911940,medium,44
Manual v2,photo-1545504562-be62ffe9d4f6.jpg,sharpen,19916281,19916281,medium,108
Manual v2,photo-1547084675-e5ddb2c1d438.jpg,sharpen,5219865,5219865,medium,32
Manual v2,photo-1541757089-bc55ff4d0fec.jpg,sharpen,10910712,10910712,medium,56
Manual v2,photo-1544896990-333044d0114c.jpg,sharpen,39488148,39488148,medium,207
Manual v2,photo-1542178805-14a89821bb25.jpg,sharpen,23950025,23950025,medium,121
Manual v2,photo-1547491205-feacae9c0c22.jpg,sharpen,23950025,23950025,medium,131
Manual v2,fqUehZ3ZRru2Kh11qDBT_IMG_0042.jpg.jpg,sharpen,16548543,16548543,medium,82
Manual v2,photo-1545906785-38f53f99e380.jpg,sharpen,25906425,25906425,medium,133
Manual v2,photo-1546969430-d023da44cfec.jpg,sharpen,23950025,23950025,medium,130
Manual v2,photo-1544920860-19cb1cccd53c.jpg,sharpen,12739272,12739272,medium,71
Manual v2,photo-1546365831-cd36e1e4d63e.jpg,sharpen,30049625,30049625,medium,155
Manual v2,photo-1545006360-b2a8d6fb91df.jpg,sharpen,19448201,19448201,medium,112
Manual v2,photo-1544114449-8ffb1b7f555f.jpg,sharpen,11965025,11965025,medium,67
Manual v2,f1f2ebf3.jpg,sharpen,12131081,12131081,medium,61
Manual v2,photo-1547296899-c848d96b9961.jpg,sharpen,8952795,8952795,medium,54
Manual v2,photo-1543867534-396c71972cdc.jpg,sharpen,22579659,22579659,medium,116
Manual v2,photo-1544913776-90c1223073a3.jpg,sharpen,28371206,28371206,medium,140
Manual v2,photo-1545262810-77515befe149.jpg,sharpen,23950025,23950025,medium,120
Manual v2,1d8ef901.jpg,sharpen,16044057,16044057,medium,84
Manual v2,photo-1542847887-e31e3471722a.jpg,sharpen,30049625,30049625,medium,157
Manual v2,photo-1542291771-64f962701184.jpg,sharpen,12771702,12771702,medium,70
Manual v2,photo-1544647593-59b72ae685d5.jpg,sharpen,9387240,9387240,medium,58
Manual v2,photo-1543002601-b85cd5b8439b.jpg,sharpen,23950025,23950025,medium,116
Manual v2,photo-1546540551-29dc0a3f6786.jpg,sharpen,7751370,7751370,medium,47
Manual v2,photo-1543429625-d79f2d85bd29.jpg,sharpen,22682592,22682592,medium,112
Manual v2,photo-1547487452-5bdd9ce63723.jpg,sharpen,20237381,20237594,large,363
Manual v2,30ddbd81.jpg,sharpen,15995001,15995001,large,277
Manual v2,pfHrY2VQaGJuCsrFljKy_IMG_0257.JPG.jpg,sharpen,4431577,4431577,large,80
Manual v2,photo-1547413749-dd39525702cd.jpg,sharpen,23890121,23890121,large,410
Manual v2,photo-1544259342-306eccfec481.jpg,sharpen,18772624,18772624,large,326
Manual v2,photo-1546941180-073df0bc8154.jpg,sharpen,23890121,23890121,large,413
Manual v2,f7a44cdc.jpg,sharpen,3203649,3203649,large,57
Manual v2,photo-1544261378-1d991c5816d1.jpg,sharpen,20923465,20923465,large,366
Manual v2,cacce378.jpg,sharpen,24050025,24050025,large,416
Manual v2,photo-1546423214-2eee206174a5.jpg,sharpen,42031713,42031713,large,727
Manual v2,frozen-grass.JPG.jpg,sharpen,10594784,10594784,large,186
Manual v2,photo-1543441246-0c431f3ffe9d.jpg,sharpen,10581585,10581585,large,184
Manual v2,photo-1544886324-044d2b1e5820.jpg,sharpen,29982521,29982521,large,516
Manual v2,photo-1546013385-9318bcdef4d8.jpg,sharpen,10667252,10667252,large,188
Manual v2,photo-1547835633-40a93473c488.jpg,sharpen,7899385,7899385,large,134
Manual v2,photo-1545525501-0b4fe2f08cb3.jpg,sharpen,53844110,53844110,large,926
Manual v2,photo-1545912641-15610f3dbc9e.jpg,sharpen,5940144,5940144,large,108
Manual v2,photo-1544592787-1ac83baa30f0.jpg,sharpen,40054584,40054584,large,699
Manual v2,photo-1546977605-99ef7f8b45d9.jpg,sharpen,16334994,16334994,large,282
Manual v2,photo-1542850775-09dd9bbd2cca.jpg,sharpen,12133849,12133849,large,222
Manual v2,photo-1544989387-1bbbc71d2ef5.jpg,sharpen,23890627,23890627,large,419
Manual v2,photo-1543651425-3260f9c9ecfb.jpg,sharpen,29982521,29982521,large,522
Manual v2,photo-1543542849-dfa396b541c8.jpg,sharpen,10790538,10790538,large,189
Manual v2,photo-1543662001-afbc8eda785e.jpg,sharpen,12088457,12088457,large,215
Manual v2,photo-1547468731-cc0bd2f11351.jpg,sharpen,6880230,6880230,large,121
Manual v2,photo-1545504562-be62ffe9d4f6.jpg,sharpen,19861657,19861657,large,353
Manual v2,photo-1547084675-e5ddb2c1d438.jpg,sharpen,5192313,5192313,large,90
Manual v2,photo-1541757089-bc55ff4d0fec.jpg,sharpen,10870290,10870290,large,186
Manual v2,photo-1544896990-333044d0114c.jpg,sharpen,39411678,39411678,large,678
Manual v2,photo-1542178805-14a89821bb25.jpg,sharpen,23890121,23890121,large,422
Manual v2,photo-1547491205-feacae9c0c22.jpg,sharpen,23890121,23890121,large,415
Manual v2,fqUehZ3ZRru2Kh11qDBT_IMG_0042.jpg.jpg,sharpen,16498755,16498755,large,293
Manual v2,photo-1545906785-38f53f99e380.jpg,sharpen,25844121,25844121,large,446
Manual v2,photo-1546969430-d023da44cfec.jpg,sharpen,23890121,23890121,large,423
Manual v2,photo-1544920860-19cb1cccd53c.jpg,sharpen,12696210,12696210,large,222
Manual v2,photo-1546365831-cd36e1e4d63e.jpg,sharpen,29982521,29982521,large,517
Manual v2,photo-1545006360-b2a8d6fb91df.jpg,sharpen,19394057,19394057,large,342
Manual v2,photo-1544114449-8ffb1b7f555f.jpg,sharpen,11923121,11923121,large,206
Manual v2,f1f2ebf3.jpg,sharpen,12088457,12088457,large,210
Manual v2,photo-1547296899-c848d96b9961.jpg,sharpen,8915415,8915415,large,157
Manual v2,photo-1543867534-396c71972cdc.jpg,sharpen,22521495,22521495,large,397
Manual v2,photo-1544913776-90c1223073a3.jpg,sharpen,28306004,28306004,large,495
Manual v2,photo-1545262810-77515befe149.jpg,sharpen,23890121,23890121,large,415
Manual v2,1d8ef901.jpg,sharpen,15995001,15995001,large,279
Manual v2,photo-1542847887-e31e3471722a.jpg,sharpen,29982521,29982521,large,522
Manual v2,photo-1542291771-64f962701184.jpg,sharpen,12728016,12728016,large,228
Manual v2,photo-1544647593-59b72ae685d5.jpg,sharpen,9350280,9350280,large,162
Manual v2,photo-1543002601-b85cd5b8439b.jpg,sharpen,23890121,23890121,large,409
Manual v2,photo-1546540551-29dc0a3f6786.jpg,sharpen,7717788,7717788,large,136
Manual v2,photo-1543429625-d79f2d85bd29.jpg,sharpen,22624296,22624296,large,390
Manual v2,photo-1547487452-5bdd9ce63723.jpg,box-blur,20320082,20320295,small,54
Manual v2,30ddbd81.jpg,box-blur,16068612,16068612,small,36
Manual v2,pfHrY2VQaGJuCsrFljKy_IMG_0257.JPG.jpg,box-blur,4470340,4470340,small,13
Manual v2,photo-1547413749-dd39525702cd.jpg,box-blur,23980004,23980004,small,52
Manual v2,photo-1544259342-306eccfec481.jpg,box-blur,18852310,18852310,small,48
Manual v2,photo-1546941180-073df0bc8154.jpg,box-blur,23980004,23980004,small,54
Manual v2,f7a44cdc.jpg,box-blur,3237300,3237300,small,9
Manual v2,photo-1544261378-1d991c5816d1.jpg,box-blur,21007588,21007588,small,53
Manual v2,cacce378.jpg,box-blur,24140196,24140196,small,58
Manual v2,photo-1546423214-2eee206174a5.jpg,box-blur,42150900,42150900,small,89
Manual v2,frozen-grass.JPG.jpg,box-blur,10654670,10654670,small,24
Manual v2,photo-1543441246-0c431f3ffe9d.jpg,box-blur,10640832,10640832,small,25
Manual v2,photo-1544886324-044d2b1e5820.jpg,box-blur,30083204,30083204,small,71
Manual v2,photo-1546013385-9318bcdef4d8.jpg,box-blur,10726625,10726625,small,27
Manual v2,photo-1547835633-40a93473c488.jpg,box-blur,7951108,7951108,small,18
Manual v2,photo-1545525501-0b4fe2f08cb3.jpg,box-blur,53979002,53979002,small,117
Manual v2,photo-1545912641-15610f3dbc9e.jpg,box-blur,5985009,5985009,small,19
Manual v2,photo-1544592787-1ac83baa30f0.jpg,box-blur,40170936,40170936,small,104
Manual v2,photo-1546977605-99ef7f8b45d9.jpg,box-blur,16409334,16409334,small,45
Manual v2,photo-1542850775-09dd9bbd2cca.jpg,box-blur,12197956,12197956,small,37
Manual v2,photo-1544989387-1bbbc71d2ef5.jpg,box-blur,23980510,23980510,small,53
Manual v2,photo-1543651425-3260f9c9ecfb.jpg,box-blur,30083204,30083204,small,84
Manual v2,photo-1543542849-dfa396b541c8.jpg,box-blur,10850118,10850118,small,36
Manual v2,photo-1543662001-afbc8eda785e.jpg,box-blur,12152420,12152420,small,30
Manual v2,photo-1547468731-cc0bd2f11351.jpg,box-blur,6927822,6927822,small,25
Manual v2,photo-1545504562-be62ffe9d4f6.jpg,box-blur,19943620,19943620,small,49
Manual v2,photo-1547084675-e5ddb2c1d438.jpg,box-blur,5233668,5233668,small,15
Manual v2,photo-1541757089-bc55ff4d0fec.jpg,box-blur,10930950,10930950,small,24
Manual v2,photo-1544896990-333044d0114c.jpg,box-blur,39526410,39526410,small,105
Manual v2,photo-1542178805-14a89821bb25.jpg,box-blur,23980004,23980004,small,61
Manual v2,photo-1547491205-feacae9c0c22.jpg,box-blur,23980004,23980004,small,64
Manual v2,fqUehZ3ZRru2Kh11qDBT_IMG_0042.jpg.jpg,box-blur,16573464,16573464,small,40
Manual v2,photo-1545906785-38f53f99e380.jpg,box-blur,25937604,25937604,small,59
Manual v2,photo-1546969430-d023da44cfec.jpg,box-blur,23980004,23980004,small,69
Manual v2,photo-1544920860-19cb1cccd53c.jpg,box-blur,12760830,12760830,small,32
Manual v2,photo-1546365831-cd36e1e4d63e.jpg,box-blur,30083204,30083204,small,71
Manual v2,photo-1545006360-b2a8d6fb91df.jpg,box-blur,19475300,19475300,small,47
Manual v2,photo-1544114449-8ffb1b7f555f.jpg,box-blur,11986004,11986004,small,28
Manual v2,f1f2ebf3.jpg,box-blur,12152420,12152420,small,30
Manual v2,photo-1547296899-c848d96b9961.jpg,box-blur,8971512,8971512,small,23
Manual v2,photo-1543867534-396c71972cdc.jpg,box-blur,22608768,22608768,small,54
Manual v2,photo-1544913776-90c1223073a3.jpg,box-blur,28403834,28403834,small,59
Manual v2,photo-1545262810-77515befe149.jpg,box-blur,23980004,23980004,small,52
Manual v2,1d8ef901.jpg,box-blur,16068612,16068612,small,35
Manual v2,photo-1542847887-e31e3471722a.jpg,box-blur,30083204,30083204,small,61
Manual v2,photo-1542291771-64f962701184.jpg,box-blur,12793572,12793572,small,32
Manual v2,photo-1544647593-59b72ae685d5.jpg,box-blur,9405747,9405747,small,25
Manual v2,photo-1543002601-b85cd5b8439b.jpg,box-blur,23980004,23980004,small,53
Manual v2,photo-1546540551-29dc0a3f6786.jpg,box-blur,7768188,7768188,small,19
Manual v2,photo-1543429625-d79f2d85bd29.jpg,box-blur,22711767,22711767,small,54
Manual v2,photo-1547487452-5bdd9ce63723.jpg,box-blur,20292497,20292710,medium,106
Manual v2,30ddbd81.jpg,box-blur,16044057,16044057,medium,85
Manual v2,pfHrY2VQaGJuCsrFljKy_IMG_0257.JPG.jpg,box-blur,4457401,4457401,medium,23
Manual v2,photo-1547413749-dd39525702cd.jpg,box-blur,23950025,23950025,medium,124
Manual v2,photo-1544259342-306eccfec481.jpg,box-blur,18825730,18825730,medium,94
Manual v2,photo-1546941180-073df0bc8154.jpg,box-blur,23950025,23950025,medium,117
Manual v2,f7a44cdc.jpg,box-blur,3226065,3226065,medium,18
Manual v2,photo-1544261378-1d991c5816d1.jpg,box-blur,20979529,20979529,medium,111
Manual v2,cacce378.jpg,box-blur,24110121,24110121,medium,116
Manual v2,photo-1546423214-2eee206174a5.jpg,box-blur,42111153,42111153,medium,211
Manual v2,frozen-grass.JPG.jpg,box-blur,10634690,10634690,medium,53
Manual v2,photo-1543441246-0c431f3ffe9d.jpg,box-blur,10621065,10621065,medium,58
Manual v2,photo-1544886324-044d2b1e5820.jpg,box-blur,30049625,30049625,medium,160
Manual v2,photo-1546013385-9318bcdef4d8.jpg,box-blur,10706816,10706816,medium,57
Manual v2,photo-1547835633-40a93473c488.jpg,box-blur,7933849,7933849,medium,39
Manual v2,photo-1545525501-0b4fe2f08cb3.jpg,box-blur,53934020,53934020,medium,257
Manual v2,photo-1545912641-15610f3dbc9e.jpg,box-blur,5970036,5970036,medium,35
Manual v2,photo-1544592787-1ac83baa30f0.jpg,box-blur,40132134,40132134,medium,207
Manual v2,photo-1546977605-99ef7f8b45d9.jpg,box-blur,16384536,16384536,medium,91
Manual v2,photo-1542850775-09dd9bbd2cca.jpg,box-blur,12176569,12176569,medium,67
Manual v2,photo-1544989387-1bbbc71d2ef5.jpg,box-blur,23950531,23950531,medium,121
Manual v2,photo-1543651425-3260f9c9ecfb.jpg,box-blur,30049625,30049625,medium,149
Manual v2,photo-1543542849-dfa396b541c8.jpg,box-blur,10830240,10830240,medium,58
Manual v2,photo-1543662001-afbc8eda785e.jpg,box-blur,12131081,12131081,medium,63
Manual v2,photo-1547468731-cc0bd2f11351.jpg,box-blur,6911940,6911940,medium,36
Manual v2,photo-1545504562-be62ffe9d4f6.jpg,box-blur,19916281,19916281,medium,106
Manual v2,photo-1547084675-e5ddb2c1d438.jpg,box-blur,5219865,5219865,medium,31
Manual v2,photo-1541757089-bc55ff4d0fec.jpg,box-blur,10910712,10910712,medium,57
Manual v2,photo-1544896990-333044d0114c.jpg,box-blur,39488148,39488148,medium,198
Manual v2,photo-1542178805-14a89821bb25.jpg,box-blur,23950025,23950025,medium,133
Manual v2,photo-1547491205-feacae9c0c22.jpg,box-blur,23950025,23950025,medium,121
Manual v2,fqUehZ3ZRru2Kh11qDBT_IMG_0042.jpg.jpg,box-blur,16548543,16548543,medium,81
Manual v2,photo-1545906785-38f53f99e380.jpg,box-blur,25906425,25906425,medium,122
Manual v2,photo-1546969430-d023da44cfec.jpg,box-blur,23950025,23950025,medium,130
Manual v2,photo-1544920860-19cb1cccd53c.jpg,box-blur,12739272,12739272,medium,66
Manual v2,photo-1546365831-cd36e1e4d63e.jpg,box-blur,30049625,30049625,medium,146
Manual v2,photo-1545006360-b2a8d6fb91df.jpg,box-blur,19448201,19448201,medium,97
Manual v2,photo-1544114449-8ffb1b7f555f.jpg,box-blur,11965025,11965025,medium,65
Manual v2,f1f2ebf3.jpg,box-blur,12131081,12131081,medium,64
Manual v2,photo-1547296899-c848d96b9961.jpg,box-blur,8952795,8952795,medium,47
Manual v2,photo-1543867534-396c71972cdc.jpg,box-blur,22579659,22579659,medium,109
Manual v2,photo-1544913776-90c1223073a3.jpg,box-blur,28371206,28371206,medium,138
Manual v2,photo-1545262810-77515befe149.jpg,box-blur,23950025,23950025,medium,117
Manual v2,1d8ef901.jpg,box-blur,16044057,16044057,medium,81
Manual v2,photo-1542847887-e31e3471722a.jpg,box-blur,30049625,30049625,medium,144
Manual v2,photo-1542291771-64f962701184.jpg,box-blur,12771702,12771702,medium,71
Manual v2,photo-1544647593-59b72ae685d5.jpg,box-blur,9387240,9387240,medium,48
Manual v2,photo-1543002601-b85cd5b8439b.jpg,box-blur,23950025,23950025,medium,113
Manual v2,photo-1546540551-29dc0a3f6786.jpg,box-blur,7751370,7751370,medium,44
Manual v2,photo-1543429625-d79f2d85bd29.jpg,box-blur,22682592,22682592,medium,112
Manual v2,photo-1547487452-5bdd9ce63723.jpg,box-blur,20259413,20259626,large,188
Manual v2,30ddbd81.jpg,box-blur,16024503,16024503,large,141
Manual v2,pfHrY2VQaGJuCsrFljKy_IMG_0257.JPG.jpg,box-blur,4447063,4447063,large,41
Manual v2,photo-1547413749-dd39525702cd.jpg,box-blur,23926055,23926055,large,222
Manual v2,photo-1544259342-306eccfec481.jpg,box-blur,18804478,18804478,large,165
Manual v2,photo-1546941180-073df0bc8154.jpg,box-blur,23926055,23926055,large,205
Manual v2,f7a44cdc.jpg,box-blur,3217983,3217983,large,30
Manual v2,photo-1544261378-1d991c5816d1.jpg,box-blur,20945863,20945863,large,190
Manual v2,cacce378.jpg,box-blur,24086055,24086055,large,210
Manual v2,photo-1546423214-2eee206174a5.jpg,box-blur,42079359,42079359,large,367
Manual v2,frozen-grass.JPG.jpg,box-blur,10618718,10618718,large,105
Manual v2,photo-1543441246-0c431f3ffe9d.jpg,box-blur,10604139,10604139,large,96
Manual v2,photo-1544886324-044d2b1e5820.jpg,box-blur,30009335,30009335,large,269
Manual v2,photo-1546013385-9318bcdef4d8.jpg,box-blur,10689584,10689584,large,94
Manual v2,photo-1547835633-40a93473c488.jpg,box-blur,7920055,7920055,large,72
Manual v2,photo-1545525501-0b4fe2f08cb3.jpg,box-blur,53898044,53898044,large,461
Manual v2,photo-1545912641-15610f3dbc9e.jpg,box-blur,5952072,5952072,large,56
Manual v2,photo-1544592787-1ac83baa30f0.jpg,box-blur,40085586,40085586,large,388
Manual v2,photo-1546977605-99ef7f8b45d9.jpg,box-blur,16364712,16364712,large,148
Manual v2,photo-1542850775-09dd9bbd2cca.jpg,box-blur,12150871,12150871,large,108
Manual v2,photo-1544989387-1bbbc71d2ef5.jpg,box-blur,23926561,23926561,large,214
Manual v2,photo-1543651425-3260f9c9ecfb.jpg,box-blur,30009335,30009335,large,278
Manual v2,photo-1543542849-dfa396b541c8.jpg,box-blur,10808160,10808160,large,99
Manual v2,photo-1543662001-afbc8eda785e.jpg,box-blur,12114023,12114023,large,111
Manual v2,photo-1547468731-cc0bd2f11351.jpg,box-blur,6894300,6894300,large,61
Manual v2,photo-1545504562-be62ffe9d4f6.jpg,box-blur,19883479,19883479,large,176
Manual v2,photo-1547084675-e5ddb2c1d438.jpg,box-blur,5204535,5204535,large,47
Manual v2,photo-1541757089-bc55ff4d0fec.jpg,box-blur,10894536,10894536,large,97
Manual v2,photo-1544896990-333044d0114c.jpg,box-blur,39443436,39443436,large,354
Manual v2,photo-1542178805-14a89821bb25.jpg,box-blur,23926055,23926055,large,214
Manual v2,photo-1547491205-feacae9c0c22.jpg,box-blur,23914055,23914055,large,218
Manual v2,fqUehZ3ZRru2Kh11qDBT_IMG_0042.jpg.jpg,box-blur,16528617,16528617,large,146
Manual v2,photo-1545906785-38f53f99e380.jpg,box-blur,25881495,25881495,large,228
Manual v2,photo-1546969430-d023da44cfec.jpg,box-blur,23914055,23914055,large,220
Manual v2,photo-1544920860-19cb1cccd53c.jpg,box-blur,12715326,12715326,large,114
Manual v2,photo-1546365831-cd36e1e4d63e.jpg,box-blur,30022775,30022775,large,257
Manual v2,photo-1545006360-b2a8d6fb91df.jpg,box-blur,19415303,19415303,large,175
Manual v2,photo-1544114449-8ffb1b7f555f.jpg,box-blur,11947055,11947055,large,107
Manual v2,f1f2ebf3.jpg,box-blur,12114023,12114023,large,107
Manual v2,photo-1547296899-c848d96b9961.jpg,box-blur,8928825,8928825,large,90
Manual v2,photo-1543867534-396c71972cdc.jpg,box-blur,22556385,22556385,large,200
Manual v2,photo-1544913776-90c1223073a3.jpg,box-blur,28345118,28345118,large,255
Manual v2,photo-1545262810-77515befe149.jpg,box-blur,23926055,23926055,large,213
Manual v2,1d8ef901.jpg,box-blur,16024503,16024503,large,147
Manual v2,photo-1542847887-e31e3471722a.jpg,box-blur,30022775,30022775,large,269
Manual v2,photo-1542291771-64f962701184.jpg,box-blur,12745584,12745584,large,114
Manual v2,photo-1544647593-59b72ae685d5.jpg,box-blur,9366684,9366684,large,85
Manual v2,photo-1543002601-b85cd5b8439b.jpg,box-blur,23926055,23926055,large,224
Manual v2,photo-1546540551-29dc0a3f6786.jpg,box-blur,7732692,7732692,large,70
Manual v2,photo-1543429625-d79f2d85bd29.jpg,box-blur,22659264,22659264,large,199
Manual v2,photo-1547487452-5bdd9ce63723.jpg,gaussian,20320082,20320295,small,52
Manual v2,30ddbd81.jpg,gaussian,16068612,16068612,small,44
Manual v2,pfHrY2VQaGJuCsrFljKy_IMG_0257.JPG.jpg,gaussian,4470340,4470340,small,12
Manual v2,photo-1547413749-dd39525702cd.jpg,gaussian,23980004,23980004,small,52
Manual v2,photo-1544259342-306eccfec481.jpg,gaussian,18852310,18852310,small,40
Manual v2,photo-1546941180-073df0bc8154.jpg,gaussian,23980004,23980004,small,54
Manual v2,f7a44cdc.jpg,gaussian,3237300,3237300,small,14
Manual v2,photo-1544261378-1d991c5816d1.jpg,gaussian,21007588,21007588,small,57
Manual v2,cacce378.jpg,gaussian,24140196,24140196,small,49
Manual v2,photo-1546423214-2eee206174a5.jpg,gaussian,42150900,42150900,small,89
Manual v2,frozen-grass.JPG.jpg,gaussian,10654670,10654670,small,28
Manual v2,photo-1543441246-0c431f3ffe9d.jpg,gaussian,10640832,10640832,small,27
Manual v2,photo-1544886324-044d2b1e5820.jpg,gaussian,30083204,30083204,small,71
Manual v2,photo-1546013385-9318bcdef4d8.jpg,gaussian,10726625,10726625,small,25
Manual v2,photo-1547835633-40a93473c488.jpg,gaussian,7951108,7951108,small,18
Manual v2,photo-1545525501-0b4fe2f08cb3.jpg,gaussian,53979002,53979002,small,129
Manual v2,photo-1545912641-15610f3dbc9e.jpg,gaussian,5985009,5985009,small,18
Manual v2,photo-1544592787-1ac83baa30f0.jpg,gaussian,40170936,40170936,small,88
Manual v2,photo-1546977605-99ef7f8b45d9.jpg,gaussian,16409334,16409334,small,41
Manual v2,photo-1542850775-09dd9bbd2cca.jpg,gaussian,12197956,12197956,small,35
Manual v2,photo-1544989387-1bbbc71d2ef5.jpg,gaussian,23980510,23980510,small,51
Manual v2,photo-1543651425-3260f9c9ecfb.jpg,gaussian,30083204,30083204,small,66
Manual v2,photo-1543542849-dfa396b541c8.jpg,gaussian,10850118,10850118,small,29
Manual v2,photo-1543662001-afbc8eda785e.jpg,gaussian,12152420,12152420,small,29
Manual v2,photo-1547468731-cc0bd2f11351.jpg,gaussian,6927822,6927822,small,19
Manual v2,photo-1545504562-be62ffe9d4f6.jpg,gaussian,19943620,19943620,small,52
Manual v2,photo-1547084675-e5ddb2c1d438.jpg,gaussian,5233668,5233668,small,15
Manual v2,photo-1541757089-bc55ff4d0fec.jpg,gaussian,10930950,10930950,small,26
Manual v2,photo-1544896990-333044d0114c.jpg,gaussian,39526410,39526410,small,91
Manual v2,photo-1542178805-14a89821bb25.jpg,gaussian,23980004,23980004,small,53
Manual v2,photo-1547491205-feacae9c0c22.jpg,gaussian,23980004,23980004,small,56
Manual v2,fqUehZ3ZRru2Kh11qDBT_IMG_0042.jpg.jpg,gaussian,16573464,16573464,small,44
Manual v2,photo-1545906785-38f53f99e380.jpg,gaussian,25937604,25937604,small,61
Manual v2,photo-1546969430-d023da44cfec.jpg,gaussian,23980004,23980004,small,63
Manual v2,photo-1544920860-19cb1cccd53c.jpg,gaussian,12760830,12760830,small,29
Manual v2,photo-1546365831-cd36e1e4d63e.jpg,gaussian,30083204,30083204,small,65
Manual v2,photo-1545006360-b2a8d6fb91df.jpg,gaussian,19475300,19475300,small,50
Manual v2,photo-1544114449-8ffb1b7f555f.jpg,gaussian,11986004,11986004,small,32
Manual v2,f1f2ebf3.jpg,gaussian,12152420,12152420,small,31
Manual v2,photo-1547296899-c848d96b9961.jpg,gaussian,8971512,8971512,small,22
Manual v2,photo-1543867534-396c71972cdc.jpg,gaussian,22608768,22608768,small,54
Manual v2,photo-1544913776-90c1223073a3.jpg,gaussian,28403834,28403834,small,74
Manual v2,photo-1545262810-77515befe149.jpg,gaussian,23980004,23980004,small,53
Manual v2,1d8ef901.jpg,gaussian,16068612,16068612,small,41
Manual v2,photo-1542847887-e31e3471722a.jpg,gaussian,30083204,30083204,small,80
Manual v2,photo-1542291771-64f962701184.jpg,gaussian,12793572,12793572,small,39
Manual v2,photo-1544647593-59b72ae685d5.jpg,gaussian,9405747,9405747,small,31
Manual v2,photo-1543002601-b85cd5b8439b.jpg,gaussian,23980004,23980004,small,49
Manual v2,photo-1546540551-29dc0a3f6786.jpg,gaussian,7768188,7768188,small,24
Manual v2,photo-1543429625-d79f2d85bd29.jpg,gaussian,22711767,22711767,small,51
Manual v2,photo-1547487452-5bdd9ce63723.jpg,gaussian,20292497,20292710,medium,111
Manual v2,30ddbd81.jpg,gaussian,16044057,16044057,medium,83
Manual v2,pfHrY2VQaGJuCsrFljKy_IMG_0257.JPG.jpg,gaussian,4457401,4457401,medium,25
Manual v2,photo-1547413749-dd39525702cd.jpg,gaussian,23950025,23950025,medium,123
Manual v2,photo-1544259342-306eccfec481.jpg,gaussian,18825730,18825730,medium,98
Manual v2,photo-1546941180-073df0bc8154.jpg,gaussian,23950025,23950025,medium,116
Manual v2,f7a44cdc.jpg,gaussian,3226065,3226065,medium,17
Manual v2,photo-1544261378-1d991c5816d1.jpg,gaussian,20979529,20979529,medium,120
Manual v2,cacce378.jpg,gaussian,24110121,24110121,medium,115
Manual v2,photo-1546423214-2eee206174a5.jpg,gaussian,42111153,42111153,medium,221
Manual v2,frozen-grass.JPG.jpg,gaussian,10634690,10634690,medium,59
Manual v2,photo-1543441246-0c431f3ffe9d.jpg,gaussian,10621065,10621065,medium,59
Manual v2,photo-1544886324-044d2b1e5820.jpg,gaussian,30049625,30049625,medium,149
Manual v2,photo-1546013385-9318bcdef4d8.jpg,gaussian,10706816,10706816,medium,54
Manual v2,photo-1547835633-40a93473c488.jpg,gaussian,7933849,7933849,medium,39
Manual v2,photo-1545525501-0b4fe2f08cb3.jpg,gaussian,53934020,53934020,medium,256
Manual v2,photo-1545912641-15610f3dbc9e.jpg,gaussian,5970036,5970036,medium,32
Manual v2,photo-1544592787-1ac83baa30f0.jpg,gaussian,40132134,40132134,medium,199
Manual v2,photo-1546977605-99ef7f8b45d9.jpg,gaussian,16384536,16384536,medium,91
Manual v2,photo-1542850775-09dd9bbd2cca.jpg,gaussian,12176569,12176569,medium,69
Manual v2,photo-1544989387-1bbbc71d2ef5.jpg,gaussian,23950531,23950531,medium,115
Manual v2,photo-1543651425-3260f9c9ecfb.jpg,gaussian,30049625,30049625,medium,147
Manual v2,photo-1543542849-dfa396b541c8.jpg,gaussian,10830240,10830240,medium,59
Manual v2,photo-1543662001-afbc8eda785e.jpg,gaussian,12131081,12131081,medium,60
Manual v2,photo-1547468731-cc0bd2f11351.jpg,gaussian,6911940,6911940,medium,39
Manual v2,photo-1545504562-be62ffe9d4f6.jpg,gaussian,19916281,19916281,medium,103
Manual v2,photo-1547084675-e5ddb2c1d438.jpg,gaussian,5219865,5219865,medium,27
Manual v2,photo-1541757089-bc55ff4d0fec.jpg,gaussian,10910712,10910712,medium,63
Manual v2,photo-1544896990-333044d0114c.jpg,gaussian,39488148,39488148,medium,196
Manual v2,photo-1542178805-14a89821bb25.jpg,gaussian,23950025,23950025,medium,116
Manual v2,photo-1547491205-feacae9c0c22.jpg,gaussian,23950025,23950025,medium,123
Manual v2,fqUehZ3ZRru2Kh11qDBT_IMG_0042.jpg.jpg,gaussian,16548543,16548543,medium,82
Manual v2,photo-1545906785-38f53f99e380.jpg,gaussian,25906425,25906425,medium,127
Manual v2,photo-1546969430-d023da44cfec.jpg,gaussian,23950025,23950025,medium,119
Manual v2,photo-1544920860-19cb1cccd53c.jpg,gaussian,12739272,12739272,medium,64
Manual v2,photo-1546365831-cd36e1e4d63e.jpg,gaussian,30049625,30049625,medium,148
Manual v2,photo-1545006360-b2a8d6fb91df.jpg,gaussian,19448201,19448201,medium,100
Manual v2,photo-1544114449-8ffb1b7f555f.jpg,gaussian,11965025,11965025,medium,61
Manual v2,f1f2ebf3.jpg,gaussian,12131081,12131081,medium,59
Manual v2,photo-1547296899-c848d96b9961.jpg,gaussian,8952795,8952795,medium,46
Manual v2,photo-1543867534-396c71972cdc.jpg,gaussian,22579659,22579659,medium,110
Manual v2,photo-1544913776-90c1223073a3.jpg,gaussian,28371206,28371206,medium,136
Manual v2,photo-1545262810-77515befe149.jpg,gaussian,23950025,23950025,medium,114
Manual v2,1d8ef901.jpg,gaussian,16044057,16044057,medium,78
Manual v2,photo-1542847887-e31e3471722a.jpg,gaussian,30049625,30049625,medium,151
Manual v2,photo-1542291771-64f962701184.jpg,gaussian,12771702,12771702,medium,66
Manual v2,photo-1544647593-59b72ae685d5.jpg,gaussian,9387240,9387240,medium,49
Manual v2,photo-1543002601-b85cd5b8439b.jpg,gaussian,23950025,23950025,medium,119
Manual v2,photo-1546540551-29dc0a3f6786.jpg,gaussian,7751370,7751370,medium,45
Manual v2,photo-1543429625-d79f2d85bd29.jpg,gaussian,22682592,22682592,medium,119
LLM v2,photo-1547487452-5bdd9ce63723.jpg,ridge,20320205,20320295,small,29
LLM v2,30ddbd81.jpg,ridge,16068612,16068612,small,21
LLM v2,pfHrY2VQaGJuCsrFljKy_IMG_0257.JPG.jpg,ridge,4470340,4470340,small,5
LLM v2,photo-1547413749-dd39525702cd.jpg,ridge,23980004,23980004,small,31
LLM v2,photo-1544259342-306eccfec481.jpg,ridge,18852310,18852310,small,24
LLM v2,photo-1546941180-073df0bc8154.jpg,ridge,23980004,23980004,small,41
LLM v2,f7a44cdc.jpg,ridge,3237300,3237300,small,7
LLM v2,photo-1544261378-1d991c5816d1.jpg,ridge,21007588,21007588,small,29
LLM v2,cacce378.jpg,ridge,24140196,24140196,small,33
LLM v2,photo-1546423214-2eee206174a5.jpg,ridge,42150900,42150900,small,57
LLM v2,frozen-grass.JPG.jpg,ridge,10654670,10654670,small,14
LLM v2,photo-1543441246-0c431f3ffe9d.jpg,ridge,10640832,10640832,small,14
LLM v2,photo-1544886324-044d2b1e5820.jpg,ridge,30083204,30083204,small,40
LLM v2,photo-1546013385-9318bcdef4d8.jpg,ridge,10726625,10726625,small,14
LLM v2,photo-1547835633-40a93473c488.jpg,ridge,7951108,7951108,small,15
LLM v2,photo-1545525501-0b4fe2f08cb3.jpg,ridge,53979002,53979002,small,72
LLM v2,photo-1545912641-15610f3dbc9e.jpg,ridge,5985009,5985009,small,8
LLM v2,photo-1544592787-1ac83baa30f0.jpg,ridge,40170936,40170936,small,52
LLM v2,photo-1546977605-99ef7f8b45d9.jpg,ridge,16409334,16409334,small,21
LLM v2,photo-1542850775-09dd9bbd2cca.jpg,ridge,12197956,12197956,small,16
LLM v2,photo-1544989387-1bbbc71d2ef5.jpg,ridge,23980510,23980510,small,31
LLM v2,photo-1543651425-3260f9c9ecfb.jpg,ridge,30083204,30083204,small,39
LLM v2,photo-1543542849-dfa396b541c8.jpg,ridge,10850118,10850118,small,16
LLM v2,photo-1543662001-afbc8eda785e.jpg,ridge,12152420,12152420,small,16
LLM v2,photo-1547468731-cc0bd2f11351.jpg,ridge,6927822,6927822,small,9
LLM v2,photo-1545504562-be62ffe9d4f6.jpg,ridge,19943620,19943620,small,27
LLM v2,photo-1547084675-e5ddb2c1d438.jpg,ridge,5233668,5233668,small,7
LLM v2,photo-1541757089-bc55ff4d0fec.jpg,ridge,10930950,10930950,small,15
LLM v2,photo-1544896990-333044d0114c.jpg,ridge,39526410,39526410,small,71
LLM v2,photo-1542178805-14a89821bb25.jpg,ridge,23980004,23980004,small,36
LLM v2,photo-1547491205-feacae9c0c22.jpg,ridge,23980004,23980004,small,33
LLM v2,fqUehZ3ZRru2Kh11qDBT_IMG_0042.jpg.jpg,ridge,16573464,16573464,small,22
LLM v2,photo-1545906785-38f53f99e380.jpg,ridge,25937604,25937604,small,40
LLM v2,photo-1546969430-d023da44cfec.jpg,ridge,23980004,23980004,small,37
LLM v2,photo-1544920860-19cb1cccd53c.jpg,ridge,12760830,12760830,small,20
LLM v2,photo-1546365831-cd36e1e4d63e.jpg,ridge,30083204,30083204,small,41
LLM v2,photo-1545006360-b2a8d6fb91df.jpg,ridge,19475300,19475300,small,25
LLM v2,photo-1544114449-8ffb1b7f555f.jpg,ridge,11986004,11986004,small,15
LLM v2,f1f2ebf3.jpg,ridge,12152420,12152420,small,16
LLM v2,photo-1547296899-c848d96b9961.jpg,ridge,8971512,8971512,small,11
LLM v2,photo-1543867534-396c71972cdc.jpg,ridge,22608768,22608768,small,35
LLM v2,photo-1544913776-90c1223073a3.jpg,ridge,28403834,28403834,small,46
LLM v2,photo-1545262810-77515befe149.jpg,ridge,23980004,23980004,small,36
LLM v2,1d8ef901.jpg,ridge,16068612,16068612,small,22
LLM v2,photo-1542847887-e31e3471722a.jpg,ridge,30083204,30083204,small,44
LLM v2,photo-1542291771-64f962701184.jpg,ridge,12793572,12793572,small,20
LLM v2,photo-1544647593-59b72ae685d5.jpg,ridge,9405747,9405747,small,12
LLM v2,photo-1543002601-b85cd5b8439b.jpg,ridge,23980004,23980004,small,32
LLM v2,photo-1546540551-29dc0a3f6786.jpg,ridge,7768188,7768188,small,11
LLM v2,photo-1543429625-d79f2d85bd29.jpg,ridge,22711767,22711767,small,32
LLM v2,photo-1547487452-5bdd9ce63723.jpg,ridge,20292620,20292710,medium,103
LLM v2,30ddbd81.jpg,ridge,16044057,16044057,medium,84
LLM v2,pfHrY2VQaGJuCsrFljKy_IMG_0257.JPG.jpg,ridge,4457401,4457401,medium,22
LLM v2,photo-1547413749-dd39525702cd.jpg,ridge,23950025,23950025,medium,123
LLM v2,photo-1544259342-306eccfec481.jpg,ridge,18825730,18825730,medium,81
LLM v2,photo-1546941180-073df0bc8154.jpg,ridge,23950025,23950025,medium,105
LLM v2,f7a44cdc.jpg,ridge,3226065,3226065,medium,14
LLM v2,photo-1544261378-1d991c5816d1.jpg,ridge,20979529,20979529,medium,89
LLM v2,cacce378.jpg,ridge,24110121,24110121,medium,120
LLM v2,photo-1546423214-2eee206174a5.jpg,ridge,42111153,42111153,medium,191
LLM v2,frozen-grass.JPG.jpg,ridge,10634690,10634690,medium,56
LLM v2,photo-1543441246-0c431f3ffe9d.jpg,ridge,10621065,10621065,medium,45
LLM v2,photo-1544886324-044d2b1e5820.jpg,ridge,30049625,30049625,medium,128
LLM v2,photo-1546013385-9318bcdef4d8.jpg,ridge,10706816,10706816,medium,45
LLM v2,photo-1547835633-40a93473c488.jpg,ridge,7933849,7933849,medium,33
LLM v2,photo-1545525501-0b4fe2f08cb3.jpg,ridge,53934020,53934020,medium,255
LLM v2,photo-1545912641-15610f3dbc9e.jpg,ridge,5970036,5970036,medium,25
LLM v2,photo-1544592787-1ac83baa30f0.jpg,ridge,40132134,40132134,medium,174
LLM v2,photo-1546977605-99ef7f8b45d9.jpg,ridge,16384536,16384536,medium,70
LLM v2,photo-1542850775-09dd9bbd2cca.jpg,ridge,12176569,12176569,medium,51
LLM v2,photo-1544989387-1bbbc71d2ef5.jpg,ridge,23950531,23950531,medium,102
LLM v2,photo-1543651425-3260f9c9ecfb.jpg,ridge,30049625,30049625,medium,128
LLM v2,photo-1543542849-dfa396b541c8.jpg,ridge,10830240,10830240,medium,46
LLM v2,photo-1543662001-afbc8eda785e.jpg,ridge,12131081,12131081,medium,51
LLM v2,photo-1547468731-cc0bd2f11351.jpg,ridge,6911940,6911940,medium,31
LLM v2,photo-1545504562-be62ffe9d4f6.jpg,ridge,19916281,19916281,medium,85
LLM v2,photo-1547084675-e5ddb2c1d438.jpg,ridge,5219865,5219865,medium,23
LLM v2,photo-1541757089-bc55ff4d0fec.jpg,ridge,10910712,10910712,medium,47
LLM v2,photo-1544896990-333044d0114c.jpg,ridge,39488148,39488148,medium,171
LLM v2,photo-1542178805-14a89821bb25.jpg,ridge,23950025,23950025,medium,110
LLM v2,photo-1547491205-feacae9c0c22.jpg,ridge,23950025,23950025,medium,106
LLM v2,fqUehZ3ZRru2Kh11qDBT_IMG_0042.jpg.jpg,ridge,16548543,16548543,medium,72
LLM v2,photo-1545906785-38f53f99e380.jpg,ridge,25906425,25906425,medium,112
LLM v2,photo-1546969430-d023da44cfec.jpg,ridge,23950025,23950025,medium,102
LLM v2,photo-1544920860-19cb1cccd53c.jpg,ridge,12739272,12739272,medium,54
LLM v2,photo-1546365831-cd36e1e4d63e.jpg,ridge,30049625,30049625,medium,129
LLM v2,photo-1545006360-b2a8d6fb91df.jpg,ridge,19448201,19448201,medium,84
LLM v2,photo-1544114449-8ffb1b7f555f.jpg,ridge,11965025,11965025,medium,53
LLM v2,f1f2ebf3.jpg,ridge,12131081,12131081,medium,52
LLM v2,photo-1547296899-c848d96b9961.jpg,ridge,8952795,8952795,medium,37
LLM v2,photo-1543867534-396c71972cdc.jpg,ridge,22579659,22579659,medium,97
LLM v2,photo-1544913776-90c1223073a3.jpg,ridge,28371206,28371206,medium,130
LLM v2,photo-1545262810-77515befe149.jpg,ridge,23950025,23950025,medium,106
LLM v2,1d8ef901.jpg,ridge,16044057,16044057,medium,71
LLM v2,photo-1542847887-e31e3471722a.jpg,ridge,30049625,30049625,medium,141
LLM v2,photo-1542291771-64f962701184.jpg,ridge,12771702,12771702,medium,55
LLM v2,photo-1544647593-59b72ae685d5.jpg,ridge,9387240,9387240,medium,39
LLM v2,photo-1543002601-b85cd5b8439b.jpg,ridge,23950025,23950025,medium,105
LLM v2,photo-1546540551-29dc0a3f6786.jpg,ridge,7751370,7751370,medium,33
LLM v2,photo-1543429625-d79f2d85bd29.jpg,ridge,22682592,22682592,medium,98
LLM v2,photo-1547487452-5bdd9ce63723.jpg,ridge,20237504,20237594,large,334
LLM v2,30ddbd81.jpg,ridge,15995001,15995001,large,268
LLM v2,pfHrY2VQaGJuCsrFljKy_IMG_0257.JPG.jpg,ridge,4431577,4431577,large,75
LLM v2,photo-1547413749-dd39525702cd.jpg,ridge,23890121,23890121,large,408
LLM v2,photo-1544259342-306eccfec481.jpg,ridge,18772624,18772624,large,309
LLM v2,photo-1546941180-073df0bc8154.jpg,ridge,23890121,23890121,large,396
LLM v2,f7a44cdc.jpg,ridge,3203649,3203649,large,52
LLM v2,photo-1544261378-1d991c5816d1.jpg,ridge,20923465,20923465,large,343
LLM v2,cacce378.jpg,ridge,24050025,24050025,large,404
LLM v2,photo-1546423214-2eee206174a5.jpg,ridge,42031713,42031713,large,719
LLM v2,frozen-grass.JPG.jpg,ridge,10594784,10594784,large,182
LLM v2,photo-1543441246-0c431f3ffe9d.jpg,ridge,10581585,10581585,large,175
LLM v2,photo-1544886324-044d2b1e5820.jpg,ridge,29982521,29982521,large,494
LLM v2,photo-1546013385-9318bcdef4d8.jpg,ridge,10667252,10667252,large,172
LLM v2,photo-1547835633-40a93473c488.jpg,ridge,7899385,7899385,large,130
LLM v2,photo-1545525501-0b4fe2f08cb3.jpg,ridge,53844110,53844110,large,930
LLM v2,photo-1545912641-15610f3dbc9e.jpg,ridge,5940144,5940144,large,97
LLM v2,photo-1544592787-1ac83baa30f0.jpg,ridge,40054584,40054584,large,663
LLM v2,photo-1546977605-99ef7f8b45d9.jpg,ridge,16334994,16334994,large,270
LLM v2,photo-1542850775-09dd9bbd2cca.jpg,ridge,12133849,12133849,large,199
LLM v2,photo-1544989387-1bbbc71d2ef5.jpg,ridge,23890627,23890627,large,410
LLM v2,photo-1543651425-3260f9c9ecfb.jpg,ridge,29982521,29982521,large,501
LLM v2,photo-1543542849-dfa396b541c8.jpg,ridge,10790538,10790538,large,189
LLM v2,photo-1543662001-afbc8eda785e.jpg,ridge,12088457,12088457,large,197
LLM v2,photo-1547468731-cc0bd2f11351.jpg,ridge,6880230,6880230,large,112
LLM v2,photo-1545504562-be62ffe9d4f6.jpg,ridge,19861657,19861657,large,322
LLM v2,photo-1547084675-e5ddb2c1d438.jpg,ridge,5192313,5192313,large,84
LLM v2,photo-1541757089-bc55ff4d0fec.jpg,ridge,10870290,10870290,large,177
LLM v2,photo-1544896990-333044d0114c.jpg,ridge,39411678,39411678,large,664
LLM v2,photo-1542178805-14a89821bb25.jpg,ridge,23890121,23890121,large,405
LLM v2,photo-1547491205-feacae9c0c22.jpg,ridge,23890121,23890121,large,392
LLM v2,fqUehZ3ZRru2Kh11qDBT_IMG_0042.jpg.jpg,ridge,16498755,16498755,large,274
LLM v2,photo-1545906785-38f53f99e380.jpg,ridge,25844121,25844121,large,431
LLM v2,photo-1546969430-d023da44cfec.jpg,ridge,23890121,23890121,large,396
LLM v2,photo-1544920860-19cb1cccd53c.jpg,ridge,12696210,12696210,large,209
LLM v2,photo-1546365831-cd36e1e4d63e.jpg,ridge,29982521,29982521,large,518
LLM v2,photo-1545006360-b2a8d6fb91df.jpg,ridge,19394057,19394057,large,320
LLM v2,photo-1544114449-8ffb1b7f555f.jpg,ridge,11923121,11923121,large,197
LLM v2,f1f2ebf3.jpg,ridge,12088457,12088457,large,201
LLM v2,photo-1547296899-c848d96b9961.jpg,ridge,8915415,8915415,large,147
LLM v2,photo-1543867534-396c71972cdc.jpg,ridge,22521495,22521495,large,378
LLM v2,photo-1544913776-90c1223073a3.jpg,ridge,28306004,28306004,large,478
LLM v2,photo-1545262810-77515befe149.jpg,ridge,23890121,23890121,large,400
LLM v2,1d8ef901.jpg,ridge,15995001,15995001,large,263
LLM v2,photo-1542847887-e31e3471722a.jpg,ridge,29982521,29982521,large,508
LLM v2,photo-1542291771-64f962701184.jpg,ridge,12728016,12728016,large,212
LLM v2,photo-1544647593-59b72ae685d5.jpg,ridge,9350280,9350280,large,154
LLM v2,photo-1543002601-b85cd5b8439b.jpg,ridge,23890121,23890121,large,408
LLM v2,photo-1546540551-29dc0a3f6786.jpg,ridge,7717788,7717788,large,127
LLM v2,photo-1543429625-d79f2d85bd29.jpg,ridge,22624296,22624296,large,384
LLM v2,photo-1547487452-5bdd9ce63723.jpg,sharpen,20320205,20320295,small,27
LLM v2,30ddbd81.jpg,sharpen,16068612,16068612,small,22
LLM v2,pfHrY2VQaGJuCsrFljKy_IMG_0257.JPG.jpg,sharpen,4470340,4470340,small,6
LLM v2,photo-1547413749-dd39525702cd.jpg,sharpen,23980004,23980004,small,32
LLM v2,photo-1544259342-306eccfec481.jpg,sharpen,18852310,18852310,small,25
LLM v2,photo-1546941180-073df0bc8154.jpg,sharpen,23980004,23980004,small,32
LLM v2,f7a44cdc.jpg,sharpen,3237300,3237300,small,10
LLM v2,photo-1544261378-1d991c5816d1.jpg,sharpen,21007588,21007588,small,28
LLM v2,cacce378.jpg,sharpen,24140196,24140196,small,31
LLM v2,photo-1546423214-2eee206174a5.jpg,sharpen,42150900,42150900,small,55
LLM v2,frozen-grass.JPG.jpg,sharpen,10654670,10654670,small,14
LLM v2,photo-1543441246-0c431f3ffe9d.jpg,sharpen,10640832,10640832,small,14
LLM v2,photo-1544886324-044d2b1e5820.jpg,sharpen,30083204,30083204,small,40
LLM v2,photo-1546013385-9318bcdef4d8.jpg,sharpen,10726625,10726625,small,14
LLM v2,photo-1547835633-40a93473c488.jpg,sharpen,7951108,7951108,small,10
LLM v2,photo-1545525501-0b4fe2f08cb3.jpg,sharpen,53979002,53979002,small,70
LLM v2,photo-1545912641-15610f3dbc9e.jpg,sharpen,5985009,5985009,small,8
LLM v2,photo-1544592787-1ac83baa30f0.jpg,sharpen,40170936,40170936,small,53
LLM v2,photo-1546977605-99ef7f8b45d9.jpg,sharpen,16409334,16409334,small,22
LLM v2,photo-1542850775-09dd9bbd2cca.jpg,sharpen,12197956,12197956,small,16
LLM v2,photo-1544989387-1bbbc71d2ef5.jpg,sharpen,23980510,23980510,small,32
LLM v2,photo-1543651425-3260f9c9ecfb.jpg,sharpen,30083204,30083204,small,39
LLM v2,photo-1543542849-dfa396b541c8.jpg,sharpen,10850118,10850118,small,14
LLM v2,photo-1543662001-afbc8eda785e.jpg,sharpen,12152420,12152420,small,16
LLM v2,photo-1547468731-cc0bd2f11351.jpg,sharpen,6927822,6927822,small,9
LLM v2,photo-1545504562-be62ffe9d4f6.jpg,sharpen,19943620,19943620,small,26
LLM v2,photo-1547084675-e5ddb2c1d438.jpg,sharpen,5233668,5233668,small,7
LLM v2,photo-1541757089-bc55ff4d0fec.jpg,sharpen,10930950,10930950,small,14
LLM v2,photo-1544896990-333044d0114c.jpg,sharpen,39526410,39526410,small,55
LLM v2,photo-1542178805-14a89821bb25.jpg,sharpen,23980004,23980004,small,33
LLM v2,photo-1547491205-feacae9c0c22.jpg,sharpen,23980004,23980004,small,32
LLM v2,fqUehZ3ZRru2Kh11qDBT_IMG_0042.jpg.jpg,sharpen,16573464,16573464,small,21
LLM v2,photo-1545906785-38f53f99e380.jpg,sharpen,25937604,25937604,small,37
LLM v2,photo-1546969430-d023da44cfec.jpg,sharpen,23980004,23980004,small,32
LLM v2,photo-1544920860-19cb1cccd53c.jpg,sharpen,12760830,12760830,small,17
LLM v2,photo-1546365831-cd36e1e4d63e.jpg,sharpen,30083204,30083204,small,40
LLM v2,photo-1545006360-b2a8d6fb91df.jpg,sharpen,19475300,19475300,small,30
LLM v2,photo-1544114449-8ffb1b7f555f.jpg,sharpen,11986004,11986004,small,16
LLM v2,f1f2ebf3.jpg,sharpen,12152420,12152420,small,16
LLM v2,photo-1547296899-c848d96b9961.jpg,sharpen,8971512,8971512,small,11
LLM v2,photo-1543867534-396c71972cdc.jpg,sharpen,22608768,22608768,small,32
LLM v2,photo-1544913776-90c1223073a3.jpg,sharpen,28403834,28403834,small,37
LLM v2,photo-1545262810-77515befe149.jpg,sharpen,23980004,23980004,small,32
LLM v2,1d8ef901.jpg,sharpen,16068612,16068612,small,21
LLM v2,photo-1542847887-e31e3471722a.jpg,sharpen,30083204,30083204,small,39
LLM v2,photo-1542291771-64f962701184.jpg,sharpen,12793572,12793572,small,16
LLM v2,photo-1544647593-59b72ae685d5.jpg,sharpen,9405747,9405747,small,11
LLM v2,photo-1543002601-b85cd5b8439b.jpg,sharpen,23980004,23980004,small,31
LLM v2,photo-1546540551-29dc0a3f6786.jpg,sharpen,7768188,7768188,small,12
LLM v2,photo-1543429625-d79f2d85bd29.jpg,sharpen,22711767,22711767,small,30
LLM v2,photo-1547487452-5bdd9ce63723.jpg,sharpen,20292620,20292710,medium,87
LLM v2,30ddbd81.jpg,sharpen,16044057,16044057,medium,69
LLM v2,pfHrY2VQaGJuCsrFljKy_IMG_0257.JPG.jpg,sharpen,4457401,4457401,medium,19
LLM v2,photo-1547413749-dd39525702cd.jpg,sharpen,23950025,23950025,medium,110
LLM v2,photo-1544259342-306eccfec481.jpg,sharpen,18825730,18825730,medium,87
LLM v2,photo-1546941180-073df0bc8154.jpg,sharpen,23950025,23950025,medium,104
LLM v2,f7a44cdc.jpg,sharpen,3226065,3226065,medium,13
LLM v2,photo-1544261378-1d991c5816d1.jpg,sharpen,20979529,20979529,medium,89
LLM v2,cacce378.jpg,sharpen,24110121,24110121,medium,104
LLM v2,photo-1546423214-2eee206174a5.jpg,sharpen,42111153,42111153,medium,194
LLM v2,frozen-grass.JPG.jpg,sharpen,10634690,10634690,medium,56
LLM v2,photo-1543441246-0c431f3ffe9d.jpg,sharpen,10621065,10621065,medium,45
LLM v2,photo-1544886324-044d2b1e5820.jpg,sharpen,30049625,30049625,medium,133
LLM v2,photo-1546013385-9318bcdef4d8.jpg,sharpen,10706816,10706816,medium,46
LLM v2,photo-1547835633-40a93473c488.jpg,sharpen,7933849,7933849,medium,34
LLM v2,photo-1545525501-0b4fe2f08cb3.jpg,sharpen,53934020,53934020,medium,255
LLM v2,photo-1545912641-15610f3dbc9e.jpg,sharpen,5970036,5970036,medium,25
LLM v2,photo-1544592787-1ac83baa30f0.jpg,sharpen,40132134,40132134,medium,181
LLM v2,photo-1546977605-99ef7f8b45d9.jpg,sharpen,16384536,16384536,medium,73
LLM v2,photo-1542850775-09dd9bbd2cca.jpg,sharpen,12176569,12176569,medium,53
LLM v2,photo-1544989387-1bbbc71d2ef5.jpg,sharpen,23950531,23950531,medium,103
LLM v2,photo-1543651425-3260f9c9ecfb.jpg,sharpen,30049625,30049625,medium,128
LLM v2,photo-1543542849-dfa396b541c8.jpg,sharpen,10830240,10830240,medium,48
LLM v2,photo-1543662001-afbc8eda785e.jpg,sharpen,12131081,12131081,medium,51
LLM v2,photo-1547468731-cc0bd2f11351.jpg,sharpen,6911940,6911940,medium,30
LLM v2,photo-1545504562-be62ffe9d4f6.jpg,sharpen,19916281,19916281,medium,85
LLM v2,photo-1547084675-e5ddb2c1d438.jpg,sharpen,5219865,5219865,medium,22
LLM v2,photo-1541757089-bc55ff4d0fec.jpg,sharpen,10910712,10910712,medium,46
LLM v2,photo-1544896990-333044d0114c.jpg,sharpen,39488148,39488148,medium,184
LLM v2,photo-1542178805-14a89821bb25.jpg,sharpen,23950025,23950025,medium,107
LLM v2,photo-1547491205-feacae9c0c22.jpg,sharpen,23950025,23950025,medium,105
LLM v2,fqUehZ3ZRru2Kh11qDBT_IMG_0042.jpg.jpg,sharpen,16548543,16548543,medium,71
LLM v2,photo-1545906785-38f53f99e380.jpg,sharpen,25906425,25906425,medium,117
LLM v2,photo-1546969430-d023da44cfec.jpg,sharpen,23950025,23950025,medium,103
LLM v2,photo-1544920860-19cb1cccd53c.jpg,sharpen,12739272,12739272,medium,61
LLM v2,photo-1546365831-cd36e1e4d63e.jpg,sharpen,30049625,30049625,medium,133
LLM v2,photo-1545006360-b2a8d6fb91df.jpg,sharpen,19448201,19448201,medium,90
LLM v2,photo-1544114449-8ffb1b7f555f.jpg,sharpen,11965025,11965025,medium,52
LLM v2,f1f2ebf3.jpg,sharpen,12131081,12131081,medium,52
LLM v2,photo-1547296899-c848d96b9961.jpg,sharpen,8952795,8952795,medium,40
LLM v2,photo-1543867534-396c71972cdc.jpg,sharpen,22579659,22579659,medium,96
LLM v2,photo-1544913776-90c1223073a3.jpg,sharpen,28371206,28371206,medium,124
LLM v2,photo-1545262810-77515befe149.jpg,sharpen,23950025,23950025,medium,103
LLM v2,1d8ef901.jpg,sharpen,16044057,16044057,medium,69
LLM v2,photo-1542847887-e31e3471722a.jpg,sharpen,30049625,30049625,medium,132
LLM v2,photo-1542291771-64f962701184.jpg,sharpen,12771702,12771702,medium,56
LLM v2,photo-1544647593-59b72ae685d5.jpg,sharpen,9387240,9387240,medium,39
LLM v2,photo-1543002601-b85cd5b8439b.jpg,sharpen,23950025,23950025,medium,106
LLM v2,photo-1546540551-29dc0a3f6786.jpg,sharpen,7751370,7751370,medium,33
LLM v2,photo-1543429625-d79f2d85bd29.jpg,sharpen,22682592,22682592,medium,98
LLM v2,photo-1547487452-5bdd9ce63723.jpg,sharpen,20237504,20237594,large,339
LLM v2,30ddbd81.jpg,sharpen,15995001,15995001,large,265
LLM v2,pfHrY2VQaGJuCsrFljKy_IMG_0257.JPG.jpg,sharpen,4431577,4431577,large,74
LLM v2,photo-1547413749-dd39525702cd.jpg,sharpen,23890121,23890121,large,404
LLM v2,photo-1544259342-306eccfec481.jpg,sharpen,18772624,18772624,large,311
LLM v2,photo-1546941180-073df0bc8154.jpg,sharpen,23890121,23890121,large,412
LLM v2,f7a44cdc.jpg,sharpen,3203649,3203649,large,51
LLM v2,photo-1544261378-1d991c5816d1.jpg,sharpen,20923465,20923465,large,345
LLM v2,cacce378.jpg,sharpen,24050025,24050025,large,402
LLM v2,photo-1546423214-2eee206174a5.jpg,sharpen,42031713,42031713,large,725
LLM v2,frozen-grass.JPG.jpg,sharpen,10594784,10594784,large,175
LLM v2,photo-1543441246-0c431f3ffe9d.jpg,sharpen,10581585,10581585,large,175
LLM v2,photo-1544886324-044d2b1e5820.jpg,sharpen,29982521,29982521,large,499
LLM v2,photo-1546013385-9318bcdef4d8.jpg,sharpen,10667252,10667252,large,177
LLM v2,photo-1547835633-40a93473c488.jpg,sharpen,7899385,7899385,large,130
LLM v2,photo-1545525501-0b4fe2f08cb3.jpg,sharpen,53844110,53844110,large,925
LLM v2,photo-1545912641-15610f3dbc9e.jpg,sharpen,5940144,5940144,large,99
LLM v2,photo-1544592787-1ac83baa30f0.jpg,sharpen,40054584,40054584,large,669
LLM v2,photo-1546977605-99ef7f8b45d9.jpg,sharpen,16334994,16334994,large,272
LLM v2,photo-1542850775-09dd9bbd2cca.jpg,sharpen,12133849,12133849,large,200
LLM v2,photo-1544989387-1bbbc71d2ef5.jpg,sharpen,23890627,23890627,large,409
LLM v2,photo-1543651425-3260f9c9ecfb.jpg,sharpen,29982521,29982521,large,500
LLM v2,photo-1543542849-dfa396b541c8.jpg,sharpen,10790538,10790538,large,185
LLM v2,photo-1543662001-afbc8eda785e.jpg,sharpen,12088457,12088457,large,196
LLM v2,photo-1547468731-cc0bd2f11351.jpg,sharpen,6880230,6880230,large,114
LLM v2,photo-1545504562-be62ffe9d4f6.jpg,sharpen,19861657,19861657,large,335
LLM v2,photo-1547084675-e5ddb2c1d438.jpg,sharpen,5192313,5192313,large,84
LLM v2,photo-1541757089-bc55ff4d0fec.jpg,sharpen,10870290,10870290,large,181
LLM v2,photo-1544896990-333044d0114c.jpg,sharpen,39411678,39411678,large,652
LLM v2,photo-1542178805-14a89821bb25.jpg,sharpen,23890121,23890121,large,399
LLM v2,photo-1547491205-feacae9c0c22.jpg,sharpen,23890121,23890121,large,398
LLM v2,fqUehZ3ZRru2Kh11qDBT_IMG_0042.jpg.jpg,sharpen,16498755,16498755,large,275
LLM v2,photo-1545906785-38f53f99e380.jpg,sharpen,25844121,25844121,large,440
LLM v2,photo-1546969430-d023da44cfec.jpg,sharpen,23890121,23890121,large,397
LLM v2,photo-1544920860-19cb1cccd53c.jpg,sharpen,12696210,12696210,large,213
LLM v2,photo-1546365831-cd36e1e4d63e.jpg,sharpen,29982521,29982521,large,514
LLM v2,photo-1545006360-b2a8d6fb91df.jpg,sharpen,19394057,19394057,large,318
LLM v2,photo-1544114449-8ffb1b7f555f.jpg,sharpen,11923121,11923121,large,194
LLM v2,f1f2ebf3.jpg,sharpen,12088457,12088457,large,201
LLM v2,photo-1547296899-c848d96b9961.jpg,sharpen,8915415,8915415,large,143
LLM v2,photo-1543867534-396c71972cdc.jpg,sharpen,22521495,22521495,large,381
LLM v2,photo-1544913776-90c1223073a3.jpg,sharpen,28306004,28306004,large,475
LLM v2,photo-1545262810-77515befe149.jpg,sharpen,23890121,23890121,large,399
LLM v2,1d8ef901.jpg,sharpen,15995001,15995001,large,265
LLM v2,photo-1542847887-e31e3471722a.jpg,sharpen,29982521,29982521,large,507
LLM v2,photo-1542291771-64f962701184.jpg,sharpen,12728016,12728016,large,207
LLM v2,photo-1544647593-59b72ae685d5.jpg,sharpen,9350280,9350280,large,156
LLM v2,photo-1543002601-b85cd5b8439b.jpg,sharpen,23890121,23890121,large,406
LLM v2,photo-1546540551-29dc0a3f6786.jpg,sharpen,7717788,7717788,large,141
LLM v2,photo-1543429625-d79f2d85bd29.jpg,sharpen,22624296,22624296,large,385
LLM v2,photo-1547487452-5bdd9ce63723.jpg,box-blur,20320205,20320295,small,26
LLM v2,30ddbd81.jpg,box-blur,16068612,16068612,small,21
LLM v2,pfHrY2VQaGJuCsrFljKy_IMG_0257.JPG.jpg,box-blur,4470340,4470340,small,5
LLM v2,photo-1547413749-dd39525702cd.jpg,box-blur,23980004,23980004,small,32
LLM v2,photo-1544259342-306eccfec481.jpg,box-blur,18852310,18852310,small,24
LLM v2,photo-1546941180-073df0bc8154.jpg,box-blur,23980004,23980004,small,32
LLM v2,f7a44cdc.jpg,box-blur,3237300,3237300,small,12
LLM v2,photo-1544261378-1d991c5816d1.jpg,box-blur,21007588,21007588,small,28
LLM v2,cacce378.jpg,box-blur,24140196,24140196,small,32
LLM v2,photo-1546423214-2eee206174a5.jpg,box-blur,42150900,42150900,small,55
LLM v2,frozen-grass.JPG.jpg,box-blur,10654670,10654670,small,14
LLM v2,photo-1543441246-0c431f3ffe9d.jpg,box-blur,10640832,10640832,small,14
LLM v2,photo-1544886324-044d2b1e5820.jpg,box-blur,30083204,30083204,small,40
LLM v2,photo-1546013385-9318bcdef4d8.jpg,box-blur,10726625,10726625,small,14
LLM v2,photo-1547835633-40a93473c488.jpg,box-blur,7951108,7951108,small,12
LLM v2,photo-1545525501-0b4fe2f08cb3.jpg,box-blur,53979002,53979002,small,71
LLM v2,photo-1545912641-15610f3dbc9e.jpg,box-blur,5985009,5985009,small,8
LLM v2,photo-1544592787-1ac83baa30f0.jpg,box-blur,40170936,40170936,small,53
LLM v2,photo-1546977605-99ef7f8b45d9.jpg,box-blur,16409334,16409334,small,24
LLM v2,photo-1542850775-09dd9bbd2cca.jpg,box-blur,12197956,12197956,small,16
LLM v2,photo-1544989387-1bbbc71d2ef5.jpg,box-blur,23980510,23980510,small,35
LLM v2,photo-1543651425-3260f9c9ecfb.jpg,box-blur,30083204,30083204,small,40
LLM v2,photo-1543542849-dfa396b541c8.jpg,box-blur,10850118,10850118,small,17
LLM v2,photo-1543662001-afbc8eda785e.jpg,box-blur,12152420,12152420,small,16
LLM v2,photo-1547468731-cc0bd2f11351.jpg,box-blur,6927822,6927822,small,9
LLM v2,photo-1545504562-be62ffe9d4f6.jpg,box-blur,19943620,19943620,small,26
LLM v2,photo-1547084675-e5ddb2c1d438.jpg,box-blur,5233668,5233668,small,7
LLM v2,photo-1541757089-bc55ff4d0fec.jpg,box-blur,10930950,10930950,small,14
LLM v2,photo-1544896990-333044d0114c.jpg,box-blur,39526410,39526410,small,53
LLM v2,photo-1542178805-14a89821bb25.jpg,box-blur,23980004,23980004,small,39
LLM v2,photo-1547491205-feacae9c0c22.jpg,box-blur,23980004,23980004,small,32
LLM v2,fqUehZ3ZRru2Kh11qDBT_IMG_0042.jpg.jpg,box-blur,16573464,16573464,small,22
LLM v2,photo-1545906785-38f53f99e380.jpg,box-blur,25937604,25937604,small,35
LLM v2,photo-1546969430-d023da44cfec.jpg,box-blur,23980004,23980004,small,43
LLM v2,photo-1544920860-19cb1cccd53c.jpg,box-blur,12760830,12760830,small,17
LLM v2,photo-1546365831-cd36e1e4d63e.jpg,box-blur,30083204,30083204,small,41
LLM v2,photo-1545006360-b2a8d6fb91df.jpg,box-blur,19475300,19475300,small,28
LLM v2,photo-1544114449-8ffb1b7f555f.jpg,box-blur,11986004,11986004,small,15
LLM v2,f1f2ebf3.jpg,box-blur,12152420,12152420,small,16
LLM v2,photo-1547296899-c848d96b9961.jpg,box-blur,8971512,8971512,small,11
LLM v2,photo-1543867534-396c71972cdc.jpg,box-blur,22608768,22608768,small,30
LLM v2,photo-1544913776-90c1223073a3.jpg,box-blur,28403834,28403834,small,37
LLM v2,photo-1545262810-77515befe149.jpg,box-blur,23980004,23980004,small,33
LLM v2,1d8ef901.jpg,box-blur,16068612,16068612,small,22
LLM v2,photo-1542847887-e31e3471722a.jpg,box-blur,30083204,30083204,small,40
LLM v2,photo-1542291771-64f962701184.jpg,box-blur,12793572,12793572,small,18
LLM v2,photo-1544647593-59b72ae685d5.jpg,box-blur,9405747,9405747,small,15
LLM v2,photo-1543002601-b85cd5b8439b.jpg,box-blur,23980004,23980004,small,34
LLM v2,photo-1546540551-29dc0a3f6786.jpg,box-blur,7768188,7768188,small,10
LLM v2,photo-1543429625-d79f2d85bd29.jpg,box-blur,22711767,22711767,small,35
LLM v2,photo-1547487452-5bdd9ce63723.jpg,box-blur,20292620,20292710,medium,108
LLM v2,30ddbd81.jpg,box-blur,16044057,16044057,medium,80
LLM v2,pfHrY2VQaGJuCsrFljKy_IMG_0257.JPG.jpg,box-blur,4457401,4457401,medium,21
LLM v2,photo-1547413749-dd39525702cd.jpg,box-blur,23950025,23950025,medium,112
LLM v2,photo-1544259342-306eccfec481.jpg,box-blur,18825730,18825730,medium,81
LLM v2,photo-1546941180-073df0bc8154.jpg,box-blur,23950025,23950025,medium,102
LLM v2,f7a44cdc.jpg,box-blur,3226065,3226065,medium,15
LLM v2,photo-1544261378-1d991c5816d1.jpg,box-blur,20979529,20979529,medium,119
LLM v2,cacce378.jpg,box-blur,24110121,24110121,medium,113
LLM v2,photo-1546423214-2eee206174a5.jpg,box-blur,42111153,42111153,medium,188
LLM v2,frozen-grass.JPG.jpg,box-blur,10634690,10634690,medium,46
LLM v2,photo-1543441246-0c431f3ffe9d.jpg,box-blur,10621065,10621065,medium,58
LLM v2,photo-1544886324-044d2b1e5820.jpg,box-blur,30049625,30049625,medium,156
LLM v2,photo-1546013385-9318bcdef4d8.jpg,box-blur,10706816,10706816,medium,55
LLM v2,photo-1547835633-40a93473c488.jpg,box-blur,7933849,7933849,medium,35
LLM v2,photo-1545525501-0b4fe2f08cb3.jpg,box-blur,53934020,53934020,medium,277
LLM v2,photo-1545912641-15610f3dbc9e.jpg,box-blur,5970036,5970036,medium,26
LLM v2,photo-1544592787-1ac83baa30f0.jpg,box-blur,40132134,40132134,medium,173
LLM v2,photo-1546977605-99ef7f8b45d9.jpg,box-blur,16384536,16384536,medium,73
LLM v2,photo-1542850775-09dd9bbd2cca.jpg,box-blur,12176569,12176569,medium,52
LLM v2,photo-1544989387-1bbbc71d2ef5.jpg,box-blur,23950531,23950531,medium,106
LLM v2,photo-1543651425-3260f9c9ecfb.jpg,box-blur,30049625,30049625,medium,128
LLM v2,photo-1543542849-dfa396b541c8.jpg,box-blur,10830240,10830240,medium,46
LLM v2,photo-1543662001-afbc8eda785e.jpg,box-blur,12131081,12131081,medium,61
LLM v2,photo-1547468731-cc0bd2f11351.jpg,box-blur,6911940,6911940,medium,29
LLM v2,photo-1545504562-be62ffe9d4f6.jpg,box-blur,19916281,19916281,medium,84
LLM v2,photo-1547084675-e5ddb2c1d438.jpg,box-blur,5219865,5219865,medium,22
LLM v2,photo-1541757089-bc55ff4d0fec.jpg,box-blur,10910712,10910712,medium,49
LLM v2,photo-1544896990-333044d0114c.jpg,box-blur,39488148,39488148,medium,172
LLM v2,photo-1542178805-14a89821bb25.jpg,box-blur,23950025,23950025,medium,105
LLM v2,photo-1547491205-feacae9c0c22.jpg,box-blur,23950025,23950025,medium,110
LLM v2,fqUehZ3ZRru2Kh11qDBT_IMG_0042.jpg.jpg,box-blur,16548543,16548543,medium,80
LLM v2,photo-1545906785-38f53f99e380.jpg,box-blur,25906425,25906425,medium,110
LLM v2,photo-1546969430-d023da44cfec.jpg,box-blur,23950025,23950025,medium,102
LLM v2,photo-1544920860-19cb1cccd53c.jpg,box-blur,12739272,12739272,medium,55
LLM v2,photo-1546365831-cd36e1e4d63e.jpg,box-blur,30049625,30049625,medium,130
LLM v2,photo-1545006360-b2a8d6fb91df.jpg,box-blur,19448201,19448201,medium,82
LLM v2,photo-1544114449-8ffb1b7f555f.jpg,box-blur,11965025,11965025,medium,51
LLM v2,f1f2ebf3.jpg,box-blur,12131081,12131081,medium,53
LLM v2,photo-1547296899-c848d96b9961.jpg,box-blur,8952795,8952795,medium,39
LLM v2,photo-1543867534-396c71972cdc.jpg,box-blur,22579659,22579659,medium,99
LLM v2,photo-1544913776-90c1223073a3.jpg,box-blur,28371206,28371206,medium,121
LLM v2,photo-1545262810-77515befe149.jpg,box-blur,23950025,23950025,medium,105
LLM v2,1d8ef901.jpg,box-blur,16044057,16044057,medium,69
LLM v2,photo-1542847887-e31e3471722a.jpg,box-blur,30049625,30049625,medium,131
LLM v2,photo-1542291771-64f962701184.jpg,box-blur,12771702,12771702,medium,57
LLM v2,photo-1544647593-59b72ae685d5.jpg,box-blur,9387240,9387240,medium,39
LLM v2,photo-1543002601-b85cd5b8439b.jpg,box-blur,23950025,23950025,medium,106
LLM v2,photo-1546540551-29dc0a3f6786.jpg,box-blur,7751370,7751370,medium,33
LLM v2,photo-1543429625-d79f2d85bd29.jpg,box-blur,22682592,22682592,medium,97
LLM v2,photo-1547487452-5bdd9ce63723.jpg,box-blur,20259536,20259626,large,162
LLM v2,30ddbd81.jpg,box-blur,16024503,16024503,large,138
LLM v2,pfHrY2VQaGJuCsrFljKy_IMG_0257.JPG.jpg,box-blur,4447063,4447063,large,36
LLM v2,photo-1547413749-dd39525702cd.jpg,box-blur,23926055,23926055,large,194
LLM v2,photo-1544259342-306eccfec481.jpg,box-blur,18804478,18804478,large,157
LLM v2,photo-1546941180-073df0bc8154.jpg,box-blur,23926055,23926055,large,196
LLM v2,f7a44cdc.jpg,box-blur,3217983,3217983,large,27
LLM v2,photo-1544261378-1d991c5816d1.jpg,box-blur,20945863,20945863,large,168
LLM v2,cacce378.jpg,box-blur,24086055,24086055,large,197
LLM v2,photo-1546423214-2eee206174a5.jpg,box-blur,42079359,42079359,large,361
LLM v2,frozen-grass.JPG.jpg,box-blur,10618718,10618718,large,95
LLM v2,photo-1543441246-0c431f3ffe9d.jpg,box-blur,10604139,10604139,large,87
LLM v2,photo-1544886324-044d2b1e5820.jpg,box-blur,30009335,30009335,large,253
LLM v2,photo-1546013385-9318bcdef4d8.jpg,box-blur,10689584,10689584,large,86
LLM v2,photo-1547835633-40a93473c488.jpg,box-blur,7920055,7920055,large,63
LLM v2,photo-1545525501-0b4fe2f08cb3.jpg,box-blur,53898044,53898044,large,469
LLM v2,photo-1545912641-15610f3dbc9e.jpg,box-blur,5952072,5952072,large,48
LLM v2,photo-1544592787-1ac83baa30f0.jpg,box-blur,40085586,40085586,large,324
LLM v2,photo-1546977605-99ef7f8b45d9.jpg,box-blur,16364712,16364712,large,131
LLM v2,photo-1542850775-09dd9bbd2cca.jpg,box-blur,12150871,12150871,large,97
LLM v2,photo-1544989387-1bbbc71d2ef5.jpg,box-blur,23926561,23926561,large,194
LLM v2,photo-1543651425-3260f9c9ecfb.jpg,box-blur,30009335,30009335,large,244
LLM v2,photo-1543542849-dfa396b541c8.jpg,box-blur,10808160,10808160,large,86
LLM v2,photo-1543662001-afbc8eda785e.jpg,box-blur,12114023,12114023,large,98
LLM v2,photo-1547468731-cc0bd2f11351.jpg,box-blur,6894300,6894300,large,55
LLM v2,photo-1545504562-be62ffe9d4f6.jpg,box-blur,19883479,19883479,large,175
LLM v2,photo-1547084675-e5ddb2c1d438.jpg,box-blur,5204535,5204535,large,41
LLM v2,photo-1541757089-bc55ff4d0fec.jpg,box-blur,10894536,10894536,large,86
LLM v2,photo-1544896990-333044d0114c.jpg,box-blur,39443436,39443436,large,323
LLM v2,photo-1542178805-14a89821bb25.jpg,box-blur,23926055,23926055,large,198
LLM v2,photo-1547491205-feacae9c0c22.jpg,box-blur,23914055,23914055,large,197
LLM v2,fqUehZ3ZRru2Kh11qDBT_IMG_0042.jpg.jpg,box-blur,16528617,16528617,large,134
LLM v2,photo-1545906785-38f53f99e380.jpg,box-blur,25881495,25881495,large,224
LLM v2,photo-1546969430-d023da44cfec.jpg,box-blur,23914055,23914055,large,201
LLM v2,photo-1544920860-19cb1cccd53c.jpg,box-blur,12715326,12715326,large,102
LLM v2,photo-1546365831-cd36e1e4d63e.jpg,box-blur,30022775,30022775,large,249
LLM v2,photo-1545006360-b2a8d6fb91df.jpg,box-blur,19415303,19415303,large,156
LLM v2,photo-1544114449-8ffb1b7f555f.jpg,box-blur,11947055,11947055,large,96
LLM v2,f1f2ebf3.jpg,box-blur,12114023,12114023,large,97
LLM v2,photo-1547296899-c848d96b9961.jpg,box-blur,8928825,8928825,large,70
LLM v2,photo-1543867534-396c71972cdc.jpg,box-blur,22556385,22556385,large,188
LLM v2,photo-1544913776-90c1223073a3.jpg,box-blur,28345118,28345118,large,236
LLM v2,photo-1545262810-77515befe149.jpg,box-blur,23926055,23926055,large,196
LLM v2,1d8ef901.jpg,box-blur,16024503,16024503,large,129
LLM v2,photo-1542847887-e31e3471722a.jpg,box-blur,30022775,30022775,large,251
LLM v2,photo-1542291771-64f962701184.jpg,box-blur,12745584,12745584,large,102
LLM v2,photo-1544647593-59b72ae685d5.jpg,box-blur,9366684,9366684,large,77
LLM v2,photo-1543002601-b85cd5b8439b.jpg,box-blur,23926055,23926055,large,200
LLM v2,photo-1546540551-29dc0a3f6786.jpg,box-blur,7732692,7732692,large,61
LLM v2,photo-1543429625-d79f2d85bd29.jpg,box-blur,22659264,22659264,large,183
LLM v2,photo-1547487452-5bdd9ce63723.jpg,gaussian,20320205,20320295,small,26
LLM v2,30ddbd81.jpg,gaussian,16068612,16068612,small,22
LLM v2,pfHrY2VQaGJuCsrFljKy_IMG_0257.JPG.jpg,gaussian,4470340,4470340,small,6
LLM v2,photo-1547413749-dd39525702cd.jpg,gaussian,23980004,23980004,small,31
LLM v2,photo-1544259342-306eccfec481.jpg,gaussian,18852310,18852310,small,25
LLM v2,photo-1546941180-073df0bc8154.jpg,gaussian,23980004,23980004,small,32
LLM v2,f7a44cdc.jpg,gaussian,3237300,3237300,small,4
LLM v2,photo-1544261378-1d991c5816d1.jpg,gaussian,21007588,21007588,small,28
LLM v2,cacce378.jpg,gaussian,24140196,24140196,small,32
LLM v2,photo-1546423214-2eee206174a5.jpg,gaussian,42150900,42150900,small,62
LLM v2,frozen-grass.JPG.jpg,gaussian,10654670,10654670,small,14
LLM v2,photo-1543441246-0c431f3ffe9d.jpg,gaussian,10640832,10640832,small,14
LLM v2,photo-1544886324-044d2b1e5820.jpg,gaussian,30083204,30083204,small,40
LLM v2,photo-1546013385-9318bcdef4d8.jpg,gaussian,10726625,10726625,small,15
LLM v2,photo-1547835633-40a93473c488.jpg,gaussian,7951108,7951108,small,10
LLM v2,photo-1545525501-0b4fe2f08cb3.jpg,gaussian,53979002,53979002,small,76
LLM v2,photo-1545912641-15610f3dbc9e.jpg,gaussian,5985009,5985009,small,8
LLM v2,photo-1544592787-1ac83baa30f0.jpg,gaussian,40170936,40170936,small,53
LLM v2,photo-1546977605-99ef7f8b45d9.jpg,gaussian,16409334,16409334,small,21
LLM v2,photo-1542850775-09dd9bbd2cca.jpg,gaussian,12197956,12197956,small,16
LLM v2,photo-1544989387-1bbbc71d2ef5.jpg,gaussian,23980510,23980510,small,35
LLM v2,photo-1543651425-3260f9c9ecfb.jpg,gaussian,30083204,30083204,small,41
LLM v2,photo-1543542849-dfa396b541c8.jpg,gaussian,10850118,10850118,small,15
LLM v2,photo-1543662001-afbc8eda785e.jpg,gaussian,12152420,12152420,small,16
LLM v2,photo-1547468731-cc0bd2f11351.jpg,gaussian,6927822,6927822,small,9
LLM v2,photo-1545504562-be62ffe9d4f6.jpg,gaussian,19943620,19943620,small,27
LLM v2,photo-1547084675-e5ddb2c1d438.jpg,gaussian,5233668,5233668,small,6
LLM v2,photo-1541757089-bc55ff4d0fec.jpg,gaussian,10930950,10930950,small,14
LLM v2,photo-1544896990-333044d0114c.jpg,gaussian,39526410,39526410,small,54
LLM v2,photo-1542178805-14a89821bb25.jpg,gaussian,23980004,23980004,small,31
LLM v2,photo-1547491205-feacae9c0c22.jpg,gaussian,23980004,23980004,small,32
LLM v2,fqUehZ3ZRru2Kh11qDBT_IMG_0042.jpg.jpg,gaussian,16573464,16573464,small,21
LLM v2,photo-1545906785-38f53f99e380.jpg,gaussian,25937604,25937604,small,35
LLM v2,photo-1546969430-d023da44cfec.jpg,gaussian,23980004,23980004,small,32
LLM v2,photo-1544920860-19cb1cccd53c.jpg,gaussian,12760830,12760830,small,17
LLM v2,photo-1546365831-cd36e1e4d63e.jpg,gaussian,30083204,30083204,small,40
LLM v2,photo-1545006360-b2a8d6fb91df.jpg,gaussian,19475300,19475300,small,27
LLM v2,photo-1544114449-8ffb1b7f555f.jpg,gaussian,11986004,11986004,small,17
LLM v2,f1f2ebf3.jpg,gaussian,12152420,12152420,small,16
LLM v2,photo-1547296899-c848d96b9961.jpg,gaussian,8971512,8971512,small,11
LLM v2,photo-1543867534-396c71972cdc.jpg,gaussian,22608768,22608768,small,30
LLM v2,photo-1544913776-90c1223073a3.jpg,gaussian,28403834,28403834,small,37
LLM v2,photo-1545262810-77515befe149.jpg,gaussian,23980004,23980004,small,32
LLM v2,1d8ef901.jpg,gaussian,16068612,16068612,small,21
LLM v2,photo-1542847887-e31e3471722a.jpg,gaussian,30083204,30083204,small,39
LLM v2,photo-1542291771-64f962701184.jpg,gaussian,12793572,12793572,small,16
LLM v2,photo-1544647593-59b72ae685d5.jpg,gaussian,9405747,9405747,small,12
LLM v2,photo-1543002601-b85cd5b8439b.jpg,gaussian,23980004,23980004,small,31
LLM v2,photo-1546540551-29dc0a3f6786.jpg,gaussian,7768188,7768188,small,10
LLM v2,photo-1543429625-d79f2d85bd29.jpg,gaussian,22711767,22711767,small,32
LLM v2,photo-1547487452-5bdd9ce63723.jpg,gaussian,20292620,20292710,medium,89
LLM v2,30ddbd81.jpg,gaussian,16044057,16044057,medium,69
LLM v2,pfHrY2VQaGJuCsrFljKy_IMG_0257.JPG.jpg,gaussian,4457401,4457401,medium,21
LLM v2,photo-1547413749-dd39525702cd.jpg,gaussian,23950025,23950025,medium,103
LLM v2,photo-1544259342-306eccfec481.jpg,gaussian,18825730,18825730,medium,82
LLM v2,photo-1546941180-073df0bc8154.jpg,gaussian,23950025,23950025,medium,106
LLM v2,f7a44cdc.jpg,gaussian,3226065,3226065,medium,14
LLM v2,photo-1544261378-1d991c5816d1.jpg,gaussian,20979529,20979529,medium,93
LLM v2,cacce378.jpg,gaussian,24110121,24110121,medium,103
LLM v2,photo-1546423214-2eee206174a5.jpg,gaussian,42111153,42111153,medium,187
LLM v2,frozen-grass.JPG.jpg,gaussian,10634690,10634690,medium,56
LLM v2,photo-1543441246-0c431f3ffe9d.jpg,gaussian,10621065,10621065,medium,45
LLM v2,photo-1544886324-044d2b1e5820.jpg,gaussian,30049625,30049625,medium,132
LLM v2,photo-1546013385-9318bcdef4d8.jpg,gaussian,10706816,10706816,medium,45
LLM v2,photo-1547835633-40a93473c488.jpg,gaussian,7933849,7933849,medium,33
LLM v2,photo-1545525501-0b4fe2f08cb3.jpg,gaussian,53934020,53934020,medium,245
LLM v2,photo-1545912641-15610f3dbc9e.jpg,gaussian,5970036,5970036,medium,25
LLM v2,photo-1544592787-1ac83baa30f0.jpg,gaussian,40132134,40132134,medium,174
LLM v2,photo-1546977605-99ef7f8b45d9.jpg,gaussian,16384536,16384536,medium,71
LLM v2,photo-1542850775-09dd9bbd2cca.jpg,gaussian,12176569,12176569,medium,51
LLM v2,photo-1544989387-1bbbc71d2ef5.jpg,gaussian,23950531,23950531,medium,103
LLM v2,photo-1543651425-3260f9c9ecfb.jpg,gaussian,30049625,30049625,medium,131
LLM v2,photo-1543542849-dfa396b541c8.jpg,gaussian,10830240,10830240,medium,50
LLM v2,photo-1543662001-afbc8eda785e.jpg,gaussian,12131081,12131081,medium,52
LLM v2,photo-1547468731-cc0bd2f11351.jpg,gaussian,6911940,6911940,medium,29
LLM v2,photo-1545504562-be62ffe9d4f6.jpg,gaussian,19916281,19916281,medium,87
LLM v2,photo-1547084675-e5ddb2c1d438.jpg,gaussian,5219865,5219865,medium,22
LLM v2,photo-1541757089-bc55ff4d0fec.jpg,gaussian,10910712,10910712,medium,46
LLM v2,photo-1544896990-333044d0114c.jpg,gaussian,39488148,39488148,medium,186
LLM v2,photo-1542178805-14a89821bb25.jpg,gaussian,23950025,23950025,medium,104
LLM v2,photo-1547491205-feacae9c0c22.jpg,gaussian,23950025,23950025,medium,107
LLM v2,fqUehZ3ZRru2Kh11qDBT_IMG_0042.jpg.jpg,gaussian,16548543,16548543,medium,71
LLM v2,photo-1545906785-38f53f99e380.jpg,gaussian,25906425,25906425,medium,111
LLM v2,photo-1546969430-d023da44cfec.jpg,gaussian,23950025,23950025,medium,102
LLM v2,photo-1544920860-19cb1cccd53c.jpg,gaussian,12739272,12739272,medium,55
LLM v2,photo-1546365831-cd36e1e4d63e.jpg,gaussian,30049625,30049625,medium,132
LLM v2,photo-1545006360-b2a8d6fb91df.jpg,gaussian,19448201,19448201,medium,82
LLM v2,photo-1544114449-8ffb1b7f555f.jpg,gaussian,11965025,11965025,medium,52
LLM v2,f1f2ebf3.jpg,gaussian,12131081,12131081,medium,54
LLM v2,photo-1547296899-c848d96b9961.jpg,gaussian,8952795,8952795,medium,38
LLM v2,photo-1543867534-396c71972cdc.jpg,gaussian,22579659,22579659,medium,96
LLM v2,photo-1544913776-90c1223073a3.jpg,gaussian,28371206,28371206,medium,129
LLM v2,photo-1545262810-77515befe149.jpg,gaussian,23950025,23950025,medium,102
LLM v2,1d8ef901.jpg,gaussian,16044057,16044057,medium,73
LLM v2,photo-1542847887-e31e3471722a.jpg,gaussian,30049625,30049625,medium,129
LLM v2,photo-1542291771-64f962701184.jpg,gaussian,12771702,12771702,medium,54
LLM v2,photo-1544647593-59b72ae685d5.jpg,gaussian,9387240,9387240,medium,46
LLM v2,photo-1543002601-b85cd5b8439b.jpg,gaussian,23950025,23950025,medium,103
LLM v2,photo-1546540551-29dc0a3f6786.jpg,gaussian,7751370,7751370,medium,33
LLM v2,photo-1543429625-d79f2d85bd29.jpg,gaussian,22682592,22682592,medium,102
LLM v3,photo-1547487452-5bdd9ce63723.jpg,ridge,20320205,20320295,small,11
LLM v3,30ddbd81.jpg,ridge,16068612,16068612,small,9
LLM v3,pfHrY2VQaGJuCsrFljKy_IMG_0257.JPG.jpg,ridge,4470340,4470340,small,2
LLM v3,photo-1547413749-dd39525702cd.jpg,ridge,23980004,23980004,small,14
LLM v3,photo-1544259342-306eccfec481.jpg,ridge,18852310,18852310,small,10
LLM v3,photo-1546941180-073df0bc8154.jpg,ridge,23980004,23980004,small,13
LLM v3,f7a44cdc.jpg,ridge,3237300,3237300,small,1
LLM v3,photo-1544261378-1d991c5816d1.jpg,ridge,21007588,21007588,small,12
LLM v3,cacce378.jpg,ridge,24140196,24140196,small,14
LLM v3,photo-1546423214-2eee206174a5.jpg,ridge,42150900,42150900,small,24
LLM v3,frozen-grass.JPG.jpg,ridge,10654670,10654670,small,6
LLM v3,photo-1543441246-0c431f3ffe9d.jpg,ridge,10640832,10640832,small,6
LLM v3,photo-1544886324-044d2b1e5820.jpg,ridge,30083204,30083204,small,18
LLM v3,photo-1546013385-9318bcdef4d8.jpg,ridge,10726625,10726625,small,6
LLM v3,photo-1547835633-40a93473c488.jpg,ridge,7951108,7951108,small,4
LLM v3,photo-1545525501-0b4fe2f08cb3.jpg,ridge,53979002,53979002,small,31
LLM v3,photo-1545912641-15610f3dbc9e.jpg,ridge,5985009,5985009,small,3
LLM v3,photo-1544592787-1ac83baa30f0.jpg,ridge,40170936,40170936,small,23
LLM v3,photo-1546977605-99ef7f8b45d9.jpg,ridge,16409334,16409334,small,9
LLM v3,photo-1542850775-09dd9bbd2cca.jpg,ridge,12197956,12197956,small,7
LLM v3,photo-1544989387-1bbbc71d2ef5.jpg,ridge,23980510,23980510,small,13
LLM v3,photo-1543651425-3260f9c9ecfb.jpg,ridge,30083204,30083204,small,20
LLM v3,photo-1543542849-dfa396b541c8.jpg,ridge,10850118,10850118,small,6
LLM v3,photo-1543662001-afbc8eda785e.jpg,ridge,12152420,12152420,small,7
LLM v3,photo-1547468731-cc0bd2f11351.jpg,ridge,6927822,6927822,small,4
LLM v3,photo-1545504562-be62ffe9d4f6.jpg,ridge,19943620,19943620,small,11
LLM v3,photo-1547084675-e5ddb2c1d438.jpg,ridge,5233668,5233668,small,3
LLM v3,photo-1541757089-bc55ff4d0fec.jpg,ridge,10930950,10930950,small,6
LLM v3,photo-1544896990-333044d0114c.jpg,ridge,39526410,39526410,small,23
LLM v3,photo-1542178805-14a89821bb25.jpg,ridge,23980004,23980004,small,13
LLM v3,photo-1547491205-feacae9c0c22.jpg,ridge,23980004,23980004,small,13
LLM v3,fqUehZ3ZRru2Kh11qDBT_IMG_0042.jpg.jpg,ridge,16573464,16573464,small,9
LLM v3,photo-1545906785-38f53f99e380.jpg,ridge,25937604,25937604,small,15
LLM v3,photo-1546969430-d023da44cfec.jpg,ridge,23980004,23980004,small,13
LLM v3,photo-1544920860-19cb1cccd53c.jpg,ridge,12760830,12760830,small,7
LLM v3,photo-1546365831-cd36e1e4d63e.jpg,ridge,30083204,30083204,small,17
LLM v3,photo-1545006360-b2a8d6fb91df.jpg,ridge,19475300,19475300,small,11
LLM v3,photo-1544114449-8ffb1b7f555f.jpg,ridge,11986004,11986004,small,6
LLM v3,f1f2ebf3.jpg,ridge,12152420,12152420,small,7
LLM v3,photo-1547296899-c848d96b9961.jpg,ridge,8971512,8971512,small,4
LLM v3,photo-1543867534-396c71972cdc.jpg,ridge,22608768,22608768,small,12
LLM v3,photo-1544913776-90c1223073a3.jpg,ridge,28403834,28403834,small,15
LLM v3,photo-1545262810-77515befe149.jpg,ridge,23980004,23980004,small,13
LLM v3,1d8ef901.jpg,ridge,16068612,16068612,small,9
LLM v3,photo-1542847887-e31e3471722a.jpg,ridge,30083204,30083204,small,16
LLM v3,photo-1542291771-64f962701184.jpg,ridge,12793572,12793572,small,7
LLM v3,photo-1544647593-59b72ae685d5.jpg,ridge,9405747,9405747,small,5
LLM v3,photo-1543002601-b85cd5b8439b.jpg,ridge,23980004,23980004,small,13
LLM v3,photo-1546540551-29dc0a3f6786.jpg,ridge,7768188,7768188,small,4
LLM v3,photo-1543429625-d79f2d85bd29.jpg,ridge,22711767,22711767,small,13
LLM v3,photo-1547487452-5bdd9ce63723.jpg,ridge,20292620,20292710,medium,74
LLM v3,30ddbd81.jpg,ridge,16044057,16044057,medium,60
LLM v3,pfHrY2VQaGJuCsrFljKy_IMG_0257.JPG.jpg,ridge,4457401,4457401,medium,16
LLM v3,photo-1547413749-dd39525702cd.jpg,ridge,23950025,23950025,medium,90
LLM v3,photo-1544259342-306eccfec481.jpg,ridge,18825730,18825730,medium,70
LLM v3,photo-1546941180-073df0bc8154.jpg,ridge,23950025,23950025,medium,89
LLM v3,f7a44cdc.jpg,ridge,3226065,3226065,medium,18
LLM v3,photo-1544261378-1d991c5816d1.jpg,ridge,20979529,20979529,medium,80
LLM v3,cacce378.jpg,ridge,24110121,24110121,medium,88
LLM v3,photo-1546423214-2eee206174a5.jpg,ridge,42111153,42111153,medium,160
LLM v3,frozen-grass.JPG.jpg,ridge,10634690,10634690,medium,45
LLM v3,photo-1543441246-0c431f3ffe9d.jpg,ridge,10621065,10621065,medium,40
LLM v3,photo-1544886324-044d2b1e5820.jpg,ridge,30049625,30049625,medium,109
LLM v3,photo-1546013385-9318bcdef4d8.jpg,ridge,10706816,10706816,medium,42
LLM v3,photo-1547835633-40a93473c488.jpg,ridge,7933849,7933849,medium,30
LLM v3,photo-1545525501-0b4fe2f08cb3.jpg,ridge,53934020,53934020,medium,219
LLM v3,photo-1545912641-15610f3dbc9e.jpg,ridge,5970036,5970036,medium,22
LLM v3,photo-1544592787-1ac83baa30f0.jpg,ridge,40132134,40132134,medium,155
LLM v3,photo-1546977605-99ef7f8b45d9.jpg,ridge,16384536,16384536,medium,62
LLM v3,photo-1542850775-09dd9bbd2cca.jpg,ridge,12176569,12176569,medium,45
LLM v3,photo-1544989387-1bbbc71d2ef5.jpg,ridge,23950531,23950531,medium,89
LLM v3,photo-1543651425-3260f9c9ecfb.jpg,ridge,30049625,30049625,medium,139
LLM v3,photo-1543542849-dfa396b541c8.jpg,ridge,10830240,10830240,medium,39
LLM v3,photo-1543662001-afbc8eda785e.jpg,ridge,12131081,12131081,medium,48
LLM v3,photo-1547468731-cc0bd2f11351.jpg,ridge,6911940,6911940,medium,25
LLM v3,photo-1545504562-be62ffe9d4f6.jpg,ridge,19916281,19916281,medium,73
LLM v3,photo-1547084675-e5ddb2c1d438.jpg,ridge,5219865,5219865,medium,36
LLM v3,photo-1541757089-bc55ff4d0fec.jpg,ridge,10910712,10910712,medium,39
LLM v3,photo-1544896990-333044d0114c.jpg,ridge,39488148,39488148,medium,156
LLM v3,photo-1542178805-14a89821bb25.jpg,ridge,23950025,23950025,medium,89
LLM v3,photo-1547491205-feacae9c0c22.jpg,ridge,23950025,23950025,medium,102
LLM v3,fqUehZ3ZRru2Kh11qDBT_IMG_0042.jpg.jpg,ridge,16548543,16548543,medium,73
LLM v3,photo-1545906785-38f53f99e380.jpg,ridge,25906425,25906425,medium,96
LLM v3,photo-1546969430-d023da44cfec.jpg,ridge,23950025,23950025,medium,93
LLM v3,photo-1544920860-19cb1cccd53c.jpg,ridge,12739272,12739272,medium,47
LLM v3,photo-1546365831-cd36e1e4d63e.jpg,ridge,30049625,30049625,medium,115
LLM v3,photo-1545006360-b2a8d6fb91df.jpg,ridge,19448201,19448201,medium,83
LLM v3,photo-1544114449-8ffb1b7f555f.jpg,ridge,11965025,11965025,medium,53
LLM v3,f1f2ebf3.jpg,ridge,12131081,12131081,medium,48
LLM v3,photo-1547296899-c848d96b9961.jpg,ridge,8952795,8952795,medium,32
LLM v3,photo-1543867534-396c71972cdc.jpg,ridge,22579659,22579659,medium,85
LLM v3,photo-1544913776-90c1223073a3.jpg,ridge,28371206,28371206,medium,103
LLM v3,photo-1545262810-77515befe149.jpg,ridge,23950025,23950025,medium,90
LLM v3,1d8ef901.jpg,ridge,16044057,16044057,medium,59
LLM v3,photo-1542847887-e31e3471722a.jpg,ridge,30049625,30049625,medium,117
LLM v3,photo-1542291771-64f962701184.jpg,ridge,12771702,12771702,medium,47
LLM v3,photo-1544647593-59b72ae685d5.jpg,ridge,9387240,9387240,medium,36
LLM v3,photo-1543002601-b85cd5b8439b.jpg,ridge,23950025,23950025,medium,100
LLM v3,photo-1546540551-29dc0a3f6786.jpg,ridge,7751370,7751370,medium,30
LLM v3,photo-1543429625-d79f2d85bd29.jpg,ridge,22682592,22682592,medium,91
LLM v3,photo-1547487452-5bdd9ce63723.jpg,ridge,20237504,20237594,large,307
LLM v3,30ddbd81.jpg,ridge,15995001,15995001,large,253
LLM v3,pfHrY2VQaGJuCsrFljKy_IMG_0257.JPG.jpg,ridge,4431577,4431577,large,68
LLM v3,photo-1547413749-dd39525702cd.jpg,ridge,23890121,23890121,large,366
LLM v3,photo-1544259342-306eccfec481.jpg,ridge,18772624,18772624,large,288
LLM v3,photo-1546941180-073df0bc8154.jpg,ridge,23890121,23890121,large,368
LLM v3,f7a44cdc.jpg,ridge,3203649,3203649,large,47
LLM v3,photo-1544261378-1d991c5816d1.jpg,ridge,20923465,20923465,large,319
LLM v3,cacce378.jpg,ridge,24050025,24050025,large,373
LLM v3,photo-1546423214-2eee206174a5.jpg,ridge,42031713,42031713,large,659
LLM v3,frozen-grass.JPG.jpg,ridge,10594784,10594784,large,164
LLM v3,photo-1543441246-0c431f3ffe9d.jpg,ridge,10581585,10581585,large,159
LLM v3,photo-1544886324-044d2b1e5820.jpg,ridge,29982521,29982521,large,462
LLM v3,photo-1546013385-9318bcdef4d8.jpg,ridge,10667252,10667252,large,169
LLM v3,photo-1547835633-40a93473c488.jpg,ridge,7899385,7899385,large,125
LLM v3,photo-1545525501-0b4fe2f08cb3.jpg,ridge,53844110,53844110,large,844
LLM v3,photo-1545912641-15610f3dbc9e.jpg,ridge,5940144,5940144,large,91
LLM v3,photo-1544592787-1ac83baa30f0.jpg,ridge,40054584,40054584,large,621
LLM v3,photo-1546977605-99ef7f8b45d9.jpg,ridge,16334994,16334994,large,250
LLM v3,photo-1542850775-09dd9bbd2cca.jpg,ridge,12133849,12133849,large,183
LLM v3,photo-1544989387-1bbbc71d2ef5.jpg,ridge,23890627,23890627,large,367
LLM v3,photo-1543651425-3260f9c9ecfb.jpg,ridge,29982521,29982521,large,467
LLM v3,photo-1543542849-dfa396b541c8.jpg,ridge,10790538,10790538,large,165
LLM v3,photo-1543662001-afbc8eda785e.jpg,ridge,12088457,12088457,large,182
LLM v3,photo-1547468731-cc0bd2f11351.jpg,ridge,6880230,6880230,large,103
LLM v3,photo-1545504562-be62ffe9d4f6.jpg,ridge,19861657,19861657,large,311
LLM v3,photo-1547084675-e5ddb2c1d438.jpg,ridge,5192313,5192313,large,88
LLM v3,photo-1541757089-bc55ff4d0fec.jpg,ridge,10870290,10870290,large,172
LLM v3,photo-1544896990-333044d0114c.jpg,ridge,39411678,39411678,large,612
LLM v3,photo-1542178805-14a89821bb25.jpg,ridge,23890121,23890121,large,369
LLM v3,photo-1547491205-feacae9c0c22.jpg,ridge,23890121,23890121,large,375
LLM v3,fqUehZ3ZRru2Kh11qDBT_IMG_0042.jpg.jpg,ridge,16498755,16498755,large,255
LLM v3,photo-1545906785-38f53f99e380.jpg,ridge,25844121,25844121,large,401
LLM v3,photo-1546969430-d023da44cfec.jpg,ridge,23890121,23890121,large,366
LLM v3,photo-1544920860-19cb1cccd53c.jpg,ridge,12696210,12696210,large,194
LLM v3,photo-1546365831-cd36e1e4d63e.jpg,ridge,29982521,29982521,large,462
LLM v3,photo-1545006360-b2a8d6fb91df.jpg,ridge,19394057,19394057,large,294
LLM v3,photo-1544114449-8ffb1b7f555f.jpg,ridge,11923121,11923121,large,181
LLM v3,f1f2ebf3.jpg,ridge,12088457,12088457,large,186
LLM v3,photo-1547296899-c848d96b9961.jpg,ridge,8915415,8915415,large,136
LLM v3,photo-1543867534-396c71972cdc.jpg,ridge,22521495,22521495,large,345
LLM v3,photo-1544913776-90c1223073a3.jpg,ridge,28306004,28306004,large,440
LLM v3,photo-1545262810-77515befe149.jpg,ridge,23890121,23890121,large,368
LLM v3,1d8ef901.jpg,ridge,15995001,15995001,large,247
LLM v3,photo-1542847887-e31e3471722a.jpg,ridge,29982521,29982521,large,472
LLM v3,photo-1542291771-64f962701184.jpg,ridge,12728016,12728016,large,197
LLM v3,photo-1544647593-59b72ae685d5.jpg,ridge,9350280,9350280,large,148
LLM v3,photo-1543002601-b85cd5b8439b.jpg,ridge,23890121,23890121,large,372
LLM v3,photo-1546540551-29dc0a3f6786.jpg,ridge,7717788,7717788,large,116
LLM v3,photo-1543429625-d79f2d85bd29.jpg,ridge,22624296,22624296,large,349
LLM v3,photo-1547487452-5bdd9ce63723.jpg,sharpen,20320205,20320295,small,11
LLM v3,30ddbd81.jpg,sharpen,16068612,16068612,small,9
LLM v3,pfHrY2VQaGJuCsrFljKy_IMG_0257.JPG.jpg,sharpen,4470340,4470340,small,2
LLM v3,photo-1547413749-dd39525702cd.jpg,sharpen,23980004,23980004,small,13
LLM v3,photo-1544259342-306eccfec481.jpg,sharpen,18852310,18852310,small,11
LLM v3,photo-1546941180-073df0bc8154.jpg,sharpen,23980004,23980004,small,13
LLM v3,f7a44cdc.jpg,sharpen,3237300,3237300,small,2
LLM v3,photo-1544261378-1d991c5816d1.jpg,sharpen,21007588,21007588,small,12
LLM v3,cacce378.jpg,sharpen,24140196,24140196,small,14
LLM v3,photo-1546423214-2eee206174a5.jpg,sharpen,42150900,42150900,small,25
LLM v3,frozen-grass.JPG.jpg,sharpen,10654670,10654670,small,6
LLM v3,photo-1543441246-0c431f3ffe9d.jpg,sharpen,10640832,10640832,small,6
LLM v3,photo-1544886324-044d2b1e5820.jpg,sharpen,30083204,30083204,small,19
LLM v3,photo-1546013385-9318bcdef4d8.jpg,sharpen,10726625,10726625,small,6
LLM v3,photo-1547835633-40a93473c488.jpg,sharpen,7951108,7951108,small,4
LLM v3,photo-1545525501-0b4fe2f08cb3.jpg,sharpen,53979002,53979002,small,31
LLM v3,photo-1545912641-15610f3dbc9e.jpg,sharpen,5985009,5985009,small,3
LLM v3,photo-1544592787-1ac83baa30f0.jpg,sharpen,40170936,40170936,small,24
LLM v3,photo-1546977605-99ef7f8b45d9.jpg,sharpen,16409334,16409334,small,9
LLM v3,photo-1542850775-09dd9bbd2cca.jpg,sharpen,12197956,12197956,small,7
LLM v3,photo-1544989387-1bbbc71d2ef5.jpg,sharpen,23980510,23980510,small,13
LLM v3,photo-1543651425-3260f9c9ecfb.jpg,sharpen,30083204,30083204,small,17
LLM v3,photo-1543542849-dfa396b541c8.jpg,sharpen,10850118,10850118,small,6
LLM v3,photo-1543662001-afbc8eda785e.jpg,sharpen,12152420,12152420,small,6
LLM v3,photo-1547468731-cc0bd2f11351.jpg,sharpen,6927822,6927822,small,4
LLM v3,photo-1545504562-be62ffe9d4f6.jpg,sharpen,19943620,19943620,small,12
LLM v3,photo-1547084675-e5ddb2c1d438.jpg,sharpen,5233668,5233668,small,3
LLM v3,photo-1541757089-bc55ff4d0fec.jpg,sharpen,10930950,10930950,small,6
LLM v3,photo-1544896990-333044d0114c.jpg,sharpen,39526410,39526410,small,23
LLM v3,photo-1542178805-14a89821bb25.jpg,sharpen,23980004,23980004,small,13
LLM v3,photo-1547491205-feacae9c0c22.jpg,sharpen,23980004,23980004,small,16
LLM v3,fqUehZ3ZRru2Kh11qDBT_IMG_0042.jpg.jpg,sharpen,16573464,16573464,small,9
LLM v3,photo-1545906785-38f53f99e380.jpg,sharpen,25937604,25937604,small,14
LLM v3,photo-1546969430-d023da44cfec.jpg,sharpen,23980004,23980004,small,13
LLM v3,photo-1544920860-19cb1cccd53c.jpg,sharpen,12760830,12760830,small,7
LLM v3,photo-1546365831-cd36e1e4d63e.jpg,sharpen,30083204,30083204,small,16
LLM v3,photo-1545006360-b2a8d6fb91df.jpg,sharpen,19475300,19475300,small,11
LLM v3,photo-1544114449-8ffb1b7f555f.jpg,sharpen,11986004,11986004,small,6
LLM v3,f1f2ebf3.jpg,sharpen,12152420,12152420,small,6
LLM v3,photo-1547296899-c848d96b9961.jpg,sharpen,8971512,8971512,small,4
LLM v3,photo-1543867534-396c71972cdc.jpg,sharpen,22608768,22608768,small,12
LLM v3,photo-1544913776-90c1223073a3.jpg,sharpen,28403834,28403834,small,15
LLM v3,photo-1545262810-77515befe149.jpg,sharpen,23980004,23980004,small,13
LLM v3,1d8ef901.jpg,sharpen,16068612,16068612,small,9
LLM v3,photo-1542847887-e31e3471722a.jpg,sharpen,30083204,30083204,small,16
LLM v3,photo-1542291771-64f962701184.jpg,sharpen,12793572,12793572,small,8
LLM v3,photo-1544647593-59b72ae685d5.jpg,sharpen,9405747,9405747,small,4
LLM v3,photo-1543002601-b85cd5b8439b.jpg,sharpen,23980004,23980004,small,13
LLM v3,photo-1546540551-29dc0a3f6786.jpg,sharpen,7768188,7768188,small,4
LLM v3,photo-1543429625-d79f2d85bd29.jpg,sharpen,22711767,22711767,small,12
LLM v3,photo-1547487452-5bdd9ce63723.jpg,sharpen,20292620,20292710,medium,73
LLM v3,30ddbd81.jpg,sharpen,16044057,16044057,medium,60
LLM v3,pfHrY2VQaGJuCsrFljKy_IMG_0257.JPG.jpg,sharpen,4457401,4457401,medium,17
LLM v3,photo-1547413749-dd39525702cd.jpg,sharpen,23950025,23950025,medium,95
LLM v3,photo-1544259342-306eccfec481.jpg,sharpen,18825730,18825730,medium,71
LLM v3,photo-1546941180-073df0bc8154.jpg,sharpen,23950025,23950025,medium,88
LLM v3,f7a44cdc.jpg,sharpen,3226065,3226065,medium,12
LLM v3,photo-1544261378-1d991c5816d1.jpg,sharpen,20979529,20979529,medium,80
LLM v3,cacce378.jpg,sharpen,24110121,24110121,medium,91
LLM v3,photo-1546423214-2eee206174a5.jpg,sharpen,42111153,42111153,medium,161
LLM v3,frozen-grass.JPG.jpg,sharpen,10634690,10634690,medium,38
LLM v3,photo-1543441246-0c431f3ffe9d.jpg,sharpen,10621065,10621065,medium,38
LLM v3,photo-1544886324-044d2b1e5820.jpg,sharpen,30049625,30049625,medium,117
LLM v3,photo-1546013385-9318bcdef4d8.jpg,sharpen,10706816,10706816,medium,39
LLM v3,photo-1547835633-40a93473c488.jpg,sharpen,7933849,7933849,medium,29
LLM v3,photo-1545525501-0b4fe2f08cb3.jpg,sharpen,53934020,53934020,medium,216
LLM v3,photo-1545912641-15610f3dbc9e.jpg,sharpen,5970036,5970036,medium,21
LLM v3,photo-1544592787-1ac83baa30f0.jpg,sharpen,40132134,40132134,medium,153
LLM v3,photo-1546977605-99ef7f8b45d9.jpg,sharpen,16384536,16384536,medium,62
LLM v3,photo-1542850775-09dd9bbd2cca.jpg,sharpen,12176569,12176569,medium,46
LLM v3,photo-1544989387-1bbbc71d2ef5.jpg,sharpen,23950531,23950531,medium,88
LLM v3,photo-1543651425-3260f9c9ecfb.jpg,sharpen,30049625,30049625,medium,125
LLM v3,photo-1543542849-dfa396b541c8.jpg,sharpen,10830240,10830240,medium,44
LLM v3,photo-1543662001-afbc8eda785e.jpg,sharpen,12131081,12131081,medium,49
LLM v3,photo-1547468731-cc0bd2f11351.jpg,sharpen,6911940,6911940,medium,28
LLM v3,photo-1545504562-be62ffe9d4f6.jpg,sharpen,19916281,19916281,medium,75
LLM v3,photo-1547084675-e5ddb2c1d438.jpg,sharpen,5219865,5219865,medium,19
LLM v3,photo-1541757089-bc55ff4d0fec.jpg,sharpen,10910712,10910712,medium,39
LLM v3,photo-1544896990-333044d0114c.jpg,sharpen,39488148,39488148,medium,149
LLM v3,photo-1542178805-14a89821bb25.jpg,sharpen,23950025,23950025,medium,91
LLM v3,photo-1547491205-feacae9c0c22.jpg,sharpen,23950025,23950025,medium,90
LLM v3,fqUehZ3ZRru2Kh11qDBT_IMG_0042.jpg.jpg,sharpen,16548543,16548543,medium,62
LLM v3,photo-1545906785-38f53f99e380.jpg,sharpen,25906425,25906425,medium,99
LLM v3,photo-1546969430-d023da44cfec.jpg,sharpen,23950025,23950025,medium,91
LLM v3,photo-1544920860-19cb1cccd53c.jpg,sharpen,12739272,12739272,medium,46
LLM v3,photo-1546365831-cd36e1e4d63e.jpg,sharpen,30049625,30049625,medium,110
LLM v3,photo-1545006360-b2a8d6fb91df.jpg,sharpen,19448201,19448201,medium,74
LLM v3,photo-1544114449-8ffb1b7f555f.jpg,sharpen,11965025,11965025,medium,44
LLM v3,f1f2ebf3.jpg,sharpen,12131081,12131081,medium,44
LLM v3,photo-1547296899-c848d96b9961.jpg,sharpen,8952795,8952795,medium,41
LLM v3,photo-1543867534-396c71972cdc.jpg,sharpen,22579659,22579659,medium,84
LLM v3,photo-1544913776-90c1223073a3.jpg,sharpen,28371206,28371206,medium,106
LLM v3,photo-1545262810-77515befe149.jpg,sharpen,23950025,23950025,medium,87
LLM v3,1d8ef901.jpg,sharpen,16044057,16044057,medium,60
LLM v3,photo-1542847887-e31e3471722a.jpg,sharpen,30049625,30049625,medium,113
LLM v3,photo-1542291771-64f962701184.jpg,sharpen,12771702,12771702,medium,49
LLM v3,photo-1544647593-59b72ae685d5.jpg,sharpen,9387240,9387240,medium,34
LLM v3,photo-1543002601-b85cd5b8439b.jpg,sharpen,23950025,23950025,medium,89
LLM v3,photo-1546540551-29dc0a3f6786.jpg,sharpen,7751370,7751370,medium,29
LLM v3,photo-1543429625-d79f2d85bd29.jpg,sharpen,22682592,22682592,medium,82
LLM v3,photo-1547487452-5bdd9ce63723.jpg,sharpen,20237504,20237594,large,307
LLM v3,30ddbd81.jpg,sharpen,15995001,15995001,large,248
LLM v3,pfHrY2VQaGJuCsrFljKy_IMG_0257.JPG.jpg,sharpen,4431577,4431577,large,66
LLM v3,photo-1547413749-dd39525702cd.jpg,sharpen,23890121,23890121,large,375
LLM v3,photo-1544259342-306eccfec481.jpg,sharpen,18772624,18772624,large,290
LLM v3,photo-1546941180-073df0bc8154.jpg,sharpen,23890121,23890121,large,370
LLM v3,f7a44cdc.jpg,sharpen,3203649,3203649,large,53
LLM v3,photo-1544261378-1d991c5816d1.jpg,sharpen,20923465,20923465,large,329
LLM v3,cacce378.jpg,sharpen,24050025,24050025,large,370
LLM v3,photo-1546423214-2eee206174a5.jpg,sharpen,42031713,42031713,large,651
LLM v3,frozen-grass.JPG.jpg,sharpen,10594784,10594784,large,160
LLM v3,photo-1543441246-0c431f3ffe9d.jpg,sharpen,10581585,10581585,large,164
LLM v3,photo-1544886324-044d2b1e5820.jpg,sharpen,29982521,29982521,large,470
LLM v3,photo-1546013385-9318bcdef4d8.jpg,sharpen,10667252,10667252,large,164
LLM v3,photo-1547835633-40a93473c488.jpg,sharpen,7899385,7899385,large,127
LLM v3,photo-1545525501-0b4fe2f08cb3.jpg,sharpen,53844110,53844110,large,842
LLM v3,photo-1545912641-15610f3dbc9e.jpg,sharpen,5940144,5940144,large,92
LLM v3,photo-1544592787-1ac83baa30f0.jpg,sharpen,40054584,40054584,large,647
LLM v3,photo-1546977605-99ef7f8b45d9.jpg,sharpen,16334994,16334994,large,261
LLM v3,photo-1542850775-09dd9bbd2cca.jpg,sharpen,12133849,12133849,large,189
LLM v3,photo-1544989387-1bbbc71d2ef5.jpg,sharpen,23890627,23890627,large,367
LLM v3,photo-1543651425-3260f9c9ecfb.jpg,sharpen,29982521,29982521,large,464
LLM v3,photo-1543542849-dfa396b541c8.jpg,sharpen,10790538,10790538,large,164
LLM v3,photo-1543662001-afbc8eda785e.jpg,sharpen,12088457,12088457,large,188
LLM v3,photo-1547468731-cc0bd2f11351.jpg,sharpen,6880230,6880230,large,113
LLM v3,photo-1545504562-be62ffe9d4f6.jpg,sharpen,19861657,19861657,large,307
LLM v3,photo-1547084675-e5ddb2c1d438.jpg,sharpen,5192313,5192313,large,77
LLM v3,photo-1541757089-bc55ff4d0fec.jpg,sharpen,10870290,10870290,large,166
LLM v3,photo-1544896990-333044d0114c.jpg,sharpen,39411678,39411678,large,631
LLM v3,photo-1542178805-14a89821bb25.jpg,sharpen,23890121,23890121,large,374
LLM v3,photo-1547491205-feacae9c0c22.jpg,sharpen,23890121,23890121,large,369
LLM v3,fqUehZ3ZRru2Kh11qDBT_IMG_0042.jpg.jpg,sharpen,16498755,16498755,large,262
LLM v3,photo-1545906785-38f53f99e380.jpg,sharpen,25844121,25844121,large,406
LLM v3,photo-1546969430-d023da44cfec.jpg,sharpen,23890121,23890121,large,368
LLM v3,photo-1544920860-19cb1cccd53c.jpg,sharpen,12696210,12696210,large,194
LLM v3,photo-1546365831-cd36e1e4d63e.jpg,sharpen,29982521,29982521,large,470
LLM v3,photo-1545006360-b2a8d6fb91df.jpg,sharpen,19394057,19394057,large,298
LLM v3,photo-1544114449-8ffb1b7f555f.jpg,sharpen,11923121,11923121,large,185
LLM v3,f1f2ebf3.jpg,sharpen,12088457,12088457,large,189
LLM v3,photo-1547296899-c848d96b9961.jpg,sharpen,8915415,8915415,large,135
LLM v3,photo-1543867534-396c71972cdc.jpg,sharpen,22521495,22521495,large,352
LLM v3,photo-1544913776-90c1223073a3.jpg,sharpen,28306004,28306004,large,443
LLM v3,photo-1545262810-77515befe149.jpg,sharpen,23890121,23890121,large,367
LLM v3,1d8ef901.jpg,sharpen,15995001,15995001,large,244
LLM v3,photo-1542847887-e31e3471722a.jpg,sharpen,29982521,29982521,large,474
LLM v3,photo-1542291771-64f962701184.jpg,sharpen,12728016,12728016,large,205
LLM v3,photo-1544647593-59b72ae685d5.jpg,sharpen,9350280,9350280,large,143
LLM v3,photo-1543002601-b85cd5b8439b.jpg,sharpen,23890121,23890121,large,366
LLM v3,photo-1546540551-29dc0a3f6786.jpg,sharpen,7717788,7717788,large,118
LLM v3,photo-1543429625-d79f2d85bd29.jpg,sharpen,22624296,22624296,large,348
LLM v3,photo-1547487452-5bdd9ce63723.jpg,box-blur,20320205,20320295,small,11
LLM v3,30ddbd81.jpg,box-blur,16068612,16068612,small,9
LLM v3,pfHrY2VQaGJuCsrFljKy_IMG_0257.JPG.jpg,box-blur,4470340,4470340,small,2
LLM v3,photo-1547413749-dd39525702cd.jpg,box-blur,23980004,23980004,small,13
LLM v3,photo-1544259342-306eccfec481.jpg,box-blur,18852310,18852310,small,10
LLM v3,photo-1546941180-073df0bc8154.jpg,box-blur,23980004,23980004,small,13
LLM v3,f7a44cdc.jpg,box-blur,3237300,3237300,small,2
LLM v3,photo-1544261378-1d991c5816d1.jpg,box-blur,21007588,21007588,small,11
LLM v3,cacce378.jpg,box-blur,24140196,24140196,small,13
LLM v3,photo-1546423214-2eee206174a5.jpg,box-blur,42150900,42150900,small,24
LLM v3,frozen-grass.JPG.jpg,box-blur,10654670,10654670,small,6
LLM v3,photo-1543441246-0c431f3ffe9d.jpg,box-blur,10640832,10640832,small,6
LLM v3,photo-1544886324-044d2b1e5820.jpg,box-blur,30083204,30083204,small,17
LLM v3,photo-1546013385-9318bcdef4d8.jpg,box-blur,10726625,10726625,small,6
LLM v3,photo-1547835633-40a93473c488.jpg,box-blur,7951108,7951108,small,4
LLM v3,photo-1545525501-0b4fe2f08cb3.jpg,box-blur,53979002,53979002,small,31
LLM v3,photo-1545912641-15610f3dbc9e.jpg,box-blur,5985009,5985009,small,3
LLM v3,photo-1544592787-1ac83baa30f0.jpg,box-blur,40170936,40170936,small,23
LLM v3,photo-1546977605-99ef7f8b45d9.jpg,box-blur,16409334,16409334,small,9
LLM v3,photo-1542850775-09dd9bbd2cca.jpg,box-blur,12197956,12197956,small,6
LLM v3,photo-1544989387-1bbbc71d2ef5.jpg,box-blur,23980510,23980510,small,13
LLM v3,photo-1543651425-3260f9c9ecfb.jpg,box-blur,30083204,30083204,small,16
LLM v3,photo-1543542849-dfa396b541c8.jpg,box-blur,10850118,10850118,small,6
LLM v3,photo-1543662001-afbc8eda785e.jpg,box-blur,12152420,12152420,small,6
LLM v3,photo-1547468731-cc0bd2f11351.jpg,box-blur,6927822,6927822,small,4
LLM v3,photo-1545504562-be62ffe9d4f6.jpg,box-blur,19943620,19943620,small,11
LLM v3,photo-1547084675-e5ddb2c1d438.jpg,box-blur,5233668,5233668,small,3
LLM v3,photo-1541757089-bc55ff4d0fec.jpg,box-blur,10930950,10930950,small,6
LLM v3,photo-1544896990-333044d0114c.jpg,box-blur,39526410,39526410,small,23
LLM v3,photo-1542178805-14a89821bb25.jpg,box-blur,23980004,23980004,small,13
LLM v3,photo-1547491205-feacae9c0c22.jpg,box-blur,23980004,23980004,small,13
LLM v3,fqUehZ3ZRru2Kh11qDBT_IMG_0042.jpg.jpg,box-blur,16573464,16573464,small,9
LLM v3,photo-1545906785-38f53f99e380.jpg,box-blur,25937604,25937604,small,14
LLM v3,photo-1546969430-d023da44cfec.jpg,box-blur,23980004,23980004,small,13
LLM v3,photo-1544920860-19cb1cccd53c.jpg,box-blur,12760830,12760830,small,7
LLM v3,photo-1546365831-cd36e1e4d63e.jpg,box-blur,30083204,30083204,small,19
LLM v3,photo-1545006360-b2a8d6fb91df.jpg,box-blur,19475300,19475300,small,10
LLM v3,photo-1544114449-8ffb1b7f555f.jpg,box-blur,11986004,11986004,small,6
LLM v3,f1f2ebf3.jpg,box-blur,12152420,12152420,small,7
LLM v3,photo-1547296899-c848d96b9961.jpg,box-blur,8971512,8971512,small,4
LLM v3,photo-1543867534-396c71972cdc.jpg,box-blur,22608768,22608768,small,12
LLM v3,photo-1544913776-90c1223073a3.jpg,box-blur,28403834,28403834,small,16
LLM v3,photo-1545262810-77515befe149.jpg,box-blur,23980004,23980004,small,13
LLM v3,1d8ef901.jpg,box-blur,16068612,16068612,small,9
LLM v3,photo-1542847887-e31e3471722a.jpg,box-blur,30083204,30083204,small,17
LLM v3,photo-1542291771-64f962701184.jpg,box-blur,12793572,12793572,small,7
LLM v3,photo-1544647593-59b72ae685d5.jpg,box-blur,9405747,9405747,small,4
LLM v3,photo-1543002601-b85cd5b8439b.jpg,box-blur,23980004,23980004,small,14
LLM v3,photo-1546540551-29dc0a3f6786.jpg,box-blur,7768188,7768188,small,4
LLM v3,photo-1543429625-d79f2d85bd29.jpg,box-blur,22711767,22711767,small,14
LLM v3,photo-1547487452-5bdd9ce63723.jpg,box-blur,20292620,20292710,medium,79
LLM v3,30ddbd81.jpg,box-blur,16044057,16044057,medium,64
LLM v3,pfHrY2VQaGJuCsrFljKy_IMG_0257.JPG.jpg,box-blur,4457401,4457401,medium,17
LLM v3,photo-1547413749-dd39525702cd.jpg,box-blur,23950025,23950025,medium,90
LLM v3,photo-1544259342-306eccfec481.jpg,box-blur,18825730,18825730,medium,74
LLM v3,photo-1546941180-073df0bc8154.jpg,box-blur,23950025,23950025,medium,89
LLM v3,f7a44cdc.jpg,box-blur,3226065,3226065,medium,11
LLM v3,photo-1544261378-1d991c5816d1.jpg,box-blur,20979529,20979529,medium,77
LLM v3,cacce378.jpg,box-blur,24110121,24110121,medium,90
LLM v3,photo-1546423214-2eee206174a5.jpg,box-blur,42111153,42111153,medium,161
LLM v3,frozen-grass.JPG.jpg,box-blur,10634690,10634690,medium,45
LLM v3,photo-1543441246-0c431f3ffe9d.jpg,box-blur,10621065,10621065,medium,46
LLM v3,photo-1544886324-044d2b1e5820.jpg,box-blur,30049625,30049625,medium,125
LLM v3,photo-1546013385-9318bcdef4d8.jpg,box-blur,10706816,10706816,medium,39
LLM v3,photo-1547835633-40a93473c488.jpg,box-blur,7933849,7933849,medium,29
LLM v3,photo-1545525501-0b4fe2f08cb3.jpg,box-blur,53934020,53934020,medium,258
LLM v3,photo-1545912641-15610f3dbc9e.jpg,box-blur,5970036,5970036,medium,25
LLM v3,photo-1544592787-1ac83baa30f0.jpg,box-blur,40132134,40132134,medium,166
LLM v3,photo-1546977605-99ef7f8b45d9.jpg,box-blur,16384536,16384536,medium,61
LLM v3,photo-1542850775-09dd9bbd2cca.jpg,box-blur,12176569,12176569,medium,52
LLM v3,photo-1544989387-1bbbc71d2ef5.jpg,box-blur,23950531,23950531,medium,107
LLM v3,photo-1543651425-3260f9c9ecfb.jpg,box-blur,30049625,30049625,medium,114
LLM v3,photo-1543542849-dfa396b541c8.jpg,box-blur,10830240,10830240,medium,40
LLM v3,photo-1543662001-afbc8eda785e.jpg,box-blur,12131081,12131081,medium,44
LLM v3,photo-1547468731-cc0bd2f11351.jpg,box-blur,6911940,6911940,medium,25
LLM v3,photo-1545504562-be62ffe9d4f6.jpg,box-blur,19916281,19916281,medium,88
LLM v3,photo-1547084675-e5ddb2c1d438.jpg,box-blur,5219865,5219865,medium,22
LLM v3,photo-1541757089-bc55ff4d0fec.jpg,box-blur,10910712,10910712,medium,47
LLM v3,photo-1544896990-333044d0114c.jpg,box-blur,39488148,39488148,medium,156
LLM v3,photo-1542178805-14a89821bb25.jpg,box-blur,23950025,23950025,medium,97
LLM v3,photo-1547491205-feacae9c0c22.jpg,box-blur,23950025,23950025,medium,98
LLM v3,fqUehZ3ZRru2Kh11qDBT_IMG_0042.jpg.jpg,box-blur,16548543,16548543,medium,63
LLM v3,photo-1545906785-38f53f99e380.jpg,box-blur,25906425,25906425,medium,96
LLM v3,photo-1546969430-d023da44cfec.jpg,box-blur,23950025,23950025,medium,95
LLM v3,photo-1544920860-19cb1cccd53c.jpg,box-blur,12739272,12739272,medium,49
LLM v3,photo-1546365831-cd36e1e4d63e.jpg,box-blur,30049625,30049625,medium,114
LLM v3,photo-1545006360-b2a8d6fb91df.jpg,box-blur,19448201,19448201,medium,81
LLM v3,photo-1544114449-8ffb1b7f555f.jpg,box-blur,11965025,11965025,medium,44
LLM v3,f1f2ebf3.jpg,box-blur,12131081,12131081,medium,45
LLM v3,photo-1547296899-c848d96b9961.jpg,box-blur,8952795,8952795,medium,31
LLM v3,photo-1543867534-396c71972cdc.jpg,box-blur,22579659,22579659,medium,85
LLM v3,photo-1544913776-90c1223073a3.jpg,box-blur,28371206,28371206,medium,104
LLM v3,photo-1545262810-77515befe149.jpg,box-blur,23950025,23950025,medium,89
LLM v3,1d8ef901.jpg,box-blur,16044057,16044057,medium,60
LLM v3,photo-1542847887-e31e3471722a.jpg,box-blur,30049625,30049625,medium,113
LLM v3,photo-1542291771-64f962701184.jpg,box-blur,12771702,12771702,medium,46
LLM v3,photo-1544647593-59b72ae685d5.jpg,box-blur,9387240,9387240,medium,33
LLM v3,photo-1543002601-b85cd5b8439b.jpg,box-blur,23950025,23950025,medium,88
LLM v3,photo-1546540551-29dc0a3f6786.jpg,box-blur,7751370,7751370,medium,27
LLM v3,photo-1543429625-d79f2d85bd29.jpg,box-blur,22682592,22682592,medium,83
LLM v3,photo-1547487452-5bdd9ce63723.jpg,box-blur,20259536,20259626,large,149
LLM v3,30ddbd81.jpg,box-blur,16024503,16024503,large,125
LLM v3,pfHrY2VQaGJuCsrFljKy_IMG_0257.JPG.jpg,box-blur,4447063,4447063,large,32
LLM v3,photo-1547413749-dd39525702cd.jpg,box-blur,23926055,23926055,large,182
LLM v3,photo-1544259342-306eccfec481.jpg,box-blur,18804478,18804478,large,143
LLM v3,photo-1546941180-073df0bc8154.jpg,box-blur,23926055,23926055,large,181
LLM v3,f7a44cdc.jpg,box-blur,3217983,3217983,large,25
LLM v3,photo-1544261378-1d991c5816d1.jpg,box-blur,20945863,20945863,large,155
LLM v3,cacce378.jpg,box-blur,24086055,24086055,large,180
LLM v3,photo-1546423214-2eee206174a5.jpg,box-blur,42079359,42079359,large,326
LLM v3,frozen-grass.JPG.jpg,box-blur,10618718,10618718,large,79
LLM v3,photo-1543441246-0c431f3ffe9d.jpg,box-blur,10604139,10604139,large,77
LLM v3,photo-1544886324-044d2b1e5820.jpg,box-blur,30009335,30009335,large,228
LLM v3,photo-1546013385-9318bcdef4d8.jpg,box-blur,10689584,10689584,large,85
LLM v3,photo-1547835633-40a93473c488.jpg,box-blur,7920055,7920055,large,57
LLM v3,photo-1545525501-0b4fe2f08cb3.jpg,box-blur,53898044,53898044,large,427
LLM v3,photo-1545912641-15610f3dbc9e.jpg,box-blur,5952072,5952072,large,42
LLM v3,photo-1544592787-1ac83baa30f0.jpg,box-blur,40085586,40085586,large,306
LLM v3,photo-1546977605-99ef7f8b45d9.jpg,box-blur,16364712,16364712,large,122
LLM v3,photo-1542850775-09dd9bbd2cca.jpg,box-blur,12150871,12150871,large,90
LLM v3,photo-1544989387-1bbbc71d2ef5.jpg,box-blur,23926561,23926561,large,177
LLM v3,photo-1543651425-3260f9c9ecfb.jpg,box-blur,30009335,30009335,large,229
LLM v3,photo-1543542849-dfa396b541c8.jpg,box-blur,10808160,10808160,large,80
LLM v3,photo-1543662001-afbc8eda785e.jpg,box-blur,12114023,12114023,large,89
LLM v3,photo-1547468731-cc0bd2f11351.jpg,box-blur,6894300,6894300,large,50
LLM v3,photo-1545504562-be62ffe9d4f6.jpg,box-blur,19883479,19883479,large,151
LLM v3,photo-1547084675-e5ddb2c1d438.jpg,box-blur,5204535,5204535,large,39
LLM v3,photo-1541757089-bc55ff4d0fec.jpg,box-blur,10894536,10894536,large,85
LLM v3,photo-1544896990-333044d0114c.jpg,box-blur,39443436,39443436,large,304
LLM v3,photo-1542178805-14a89821bb25.jpg,box-blur,23926055,23926055,large,181
LLM v3,photo-1547491205-feacae9c0c22.jpg,box-blur,23914055,23914055,large,186
LLM v3,fqUehZ3ZRru2Kh11qDBT_IMG_0042.jpg.jpg,box-blur,16528617,16528617,large,124
LLM v3,photo-1545906785-38f53f99e380.jpg,box-blur,25881495,25881495,large,193
LLM v3,photo-1546969430-d023da44cfec.jpg,box-blur,23914055,23914055,large,183
LLM v3,photo-1544920860-19cb1cccd53c.jpg,box-blur,12715326,12715326,large,96
LLM v3,photo-1546365831-cd36e1e4d63e.jpg,box-blur,30022775,30022775,large,236
LLM v3,photo-1545006360-b2a8d6fb91df.jpg,box-blur,19415303,19415303,large,148
LLM v3,photo-1544114449-8ffb1b7f555f.jpg,box-blur,11947055,11947055,large,90
LLM v3,f1f2ebf3.jpg,box-blur,12114023,12114023,large,93
LLM v3,photo-1547296899-c848d96b9961.jpg,box-blur,8928825,8928825,large,66
LLM v3,photo-1543867534-396c71972cdc.jpg,box-blur,22556385,22556385,large,179
LLM v3,photo-1544913776-90c1223073a3.jpg,box-blur,28345118,28345118,large,223
LLM v3,photo-1545262810-77515befe149.jpg,box-blur,23926055,23926055,large,185
LLM v3,1d8ef901.jpg,box-blur,16024503,16024503,large,119
LLM v3,photo-1542847887-e31e3471722a.jpg,box-blur,30022775,30022775,large,232
LLM v3,photo-1542291771-64f962701184.jpg,box-blur,12745584,12745584,large,97
LLM v3,photo-1544647593-59b72ae685d5.jpg,box-blur,9366684,9366684,large,70
LLM v3,photo-1543002601-b85cd5b8439b.jpg,box-blur,23926055,23926055,large,177
LLM v3,photo-1546540551-29dc0a3f6786.jpg,box-blur,7732692,7732692,large,63
LLM v3,photo-1543429625-d79f2d85bd29.jpg,box-blur,22659264,22659264,large,170
LLM v3,photo-1547487452-5bdd9ce63723.jpg,gaussian,20320205,20320295,small,11
LLM v3,30ddbd81.jpg,gaussian,16068612,16068612,small,9
LLM v3,pfHrY2VQaGJuCsrFljKy_IMG_0257.JPG.jpg,gaussian,4470340,4470340,small,2
LLM v3,photo-1547413749-dd39525702cd.jpg,gaussian,23980004,23980004,small,13
LLM v3,photo-1544259342-306eccfec481.jpg,gaussian,18852310,18852310,small,10
LLM v3,photo-1546941180-073df0bc8154.jpg,gaussian,23980004,23980004,small,13
LLM v3,f7a44cdc.jpg,gaussian,3237300,3237300,small,2
LLM v3,photo-1544261378-1d991c5816d1.jpg,gaussian,21007588,21007588,small,11
LLM v3,cacce378.jpg,gaussian,24140196,24140196,small,13
LLM v3,photo-1546423214-2eee206174a5.jpg,gaussian,42150900,42150900,small,24
LLM v3,frozen-grass.JPG.jpg,gaussian,10654670,10654670,small,7
LLM v3,photo-1543441246-0c431f3ffe9d.jpg,gaussian,10640832,10640832,small,6
LLM v3,photo-1544886324-044d2b1e5820.jpg,gaussian,30083204,30083204,small,17
LLM v3,photo-1546013385-9318bcdef4d8.jpg,gaussian,10726625,10726625,small,6
LLM v3,photo-1547835633-40a93473c488.jpg,gaussian,7951108,7951108,small,4
LLM v3,photo-1545525501-0b4fe2f08cb3.jpg,gaussian,53979002,53979002,small,31
LLM v3,photo-1545912641-15610f3dbc9e.jpg,gaussian,5985009,5985009,small,3
LLM v3,photo-1544592787-1ac83baa30f0.jpg,gaussian,40170936,40170936,small,23
LLM v3,photo-1546977605-99ef7f8b45d9.jpg,gaussian,16409334,16409334,small,9
LLM v3,photo-1542850775-09dd9bbd2cca.jpg,gaussian,12197956,12197956,small,7
LLM v3,photo-1544989387-1bbbc71d2ef5.jpg,gaussian,23980510,23980510,small,14
LLM v3,photo-1543651425-3260f9c9ecfb.jpg,gaussian,30083204,30083204,small,17
LLM v3,photo-1543542849-dfa396b541c8.jpg,gaussian,10850118,10850118,small,7
LLM v3,photo-1543662001-afbc8eda785e.jpg,gaussian,12152420,12152420,small,6
LLM v3,photo-1547468731-cc0bd2f11351.jpg,gaussian,6927822,6927822,small,4
LLM v3,photo-1545504562-be62ffe9d4f6.jpg,gaussian,19943620,19943620,small,14
LLM v3,photo-1547084675-e5ddb2c1d438.jpg,gaussian,5233668,5233668,small,3
LLM v3,photo-1541757089-bc55ff4d0fec.jpg,gaussian,10930950,10930950,small,6
LLM v3,photo-1544896990-333044d0114c.jpg,gaussian,39526410,39526410,small,22
LLM v3,photo-1542178805-14a89821bb25.jpg,gaussian,23980004,23980004,small,13
LLM v3,photo-1547491205-feacae9c0c22.jpg,gaussian,23980004,23980004,small,13
LLM v3,fqUehZ3ZRru2Kh11qDBT_IMG_0042.jpg.jpg,gaussian,16573464,16573464,small,10
LLM v3,photo-1545906785-38f53f99e380.jpg,gaussian,25937604,25937604,small,14
LLM v3,photo-1546969430-d023da44cfec.jpg,gaussian,23980004,23980004,small,13
LLM v3,photo-1544920860-19cb1cccd53c.jpg,gaussian,12760830,12760830,small,7
LLM v3,photo-1546365831-cd36e1e4d63e.jpg,gaussian,30083204,30083204,small,21
LLM v3,photo-1545006360-b2a8d6fb91df.jpg,gaussian,19475300,19475300,small,11
LLM v3,photo-1544114449-8ffb1b7f555f.jpg,gaussian,11986004,11986004,small,6
LLM v3,f1f2ebf3.jpg,gaussian,12152420,12152420,small,7
LLM v3,photo-1547296899-c848d96b9961.jpg,gaussian,8971512,8971512,small,4
LLM v3,photo-1543867534-396c71972cdc.jpg,gaussian,22608768,22608768,small,13
LLM v3,photo-1544913776-90c1223073a3.jpg,gaussian,28403834,28403834,small,17
LLM v3,photo-1545262810-77515befe149.jpg,gaussian,23980004,23980004,small,15
LLM v3,1d8ef901.jpg,gaussian,16068612,16068612,small,9
LLM v3,photo-1542847887-e31e3471722a.jpg,gaussian,30083204,30083204,small,17
LLM v3,photo-1542291771-64f962701184.jpg,gaussian,12793572,12793572,small,9
LLM v3,photo-1544647593-59b72ae685d5.jpg,gaussian,9405747,9405747,small,4
LLM v3,photo-1543002601-b85cd5b8439b.jpg,gaussian,23980004,23980004,small,13
LLM v3,photo-1546540551-29dc0a3f6786.jpg,gaussian,7768188,7768188,small,4
LLM v3,photo-1543429625-d79f2d85bd29.jpg,gaussian,22711767,22711767,small,13
LLM v3,photo-1547487452-5bdd9ce63723.jpg,gaussian,20292620,20292710,medium,84
LLM v3,30ddbd81.jpg,gaussian,16044057,16044057,medium,61
LLM v3,pfHrY2VQaGJuCsrFljKy_IMG_0257.JPG.jpg,gaussian,4457401,4457401,medium,16
LLM v3,photo-1547413749-dd39525702cd.jpg,gaussian,23950025,23950025,medium,89
LLM v3,photo-1544259342-306eccfec481.jpg,gaussian,18825730,18825730,medium,73
LLM v3,photo-1546941180-073df0bc8154.jpg,gaussian,23950025,23950025,medium,89
LLM v3,f7a44cdc.jpg,gaussian,3226065,3226065,medium,11
LLM v3,photo-1544261378-1d991c5816d1.jpg,gaussian,20979529,20979529,medium,76
LLM v3,cacce378.jpg,gaussian,24110121,24110121,medium,87
LLM v3,photo-1546423214-2eee206174a5.jpg,gaussian,42111153,42111153,medium,159
LLM v3,frozen-grass.JPG.jpg,gaussian,10634690,10634690,medium,38
LLM v3,photo-1543441246-0c431f3ffe9d.jpg,gaussian,10621065,10621065,medium,43
LLM v3,photo-1544886324-044d2b1e5820.jpg,gaussian,30049625,30049625,medium,113
LLM v3,photo-1546013385-9318bcdef4d8.jpg,gaussian,10706816,10706816,medium,39
LLM v3,photo-1547835633-40a93473c488.jpg,gaussian,7933849,7933849,medium,31
LLM v3,photo-1545525501-0b4fe2f08cb3.jpg,gaussian,53934020,53934020,medium,213
LLM v3,photo-1545912641-15610f3dbc9e.jpg,gaussian,5970036,5970036,medium,21
LLM v3,photo-1544592787-1ac83baa30f0.jpg,gaussian,40132134,40132134,medium,153
LLM v3,photo-1546977605-99ef7f8b45d9.jpg,gaussian,16384536,16384536,medium,63
LLM v3,photo-1542850775-09dd9bbd2cca.jpg,gaussian,12176569,12176569,medium,47
LLM v3,photo-1544989387-1bbbc71d2ef5.jpg,gaussian,23950531,23950531,medium,87
LLM v3,photo-1543651425-3260f9c9ecfb.jpg,gaussian,30049625,30049625,medium,110
LLM v3,photo-1543542849-dfa396b541c8.jpg,gaussian,10830240,10830240,medium,40
LLM v3,photo-1543662001-afbc8eda785e.jpg,gaussian,12131081,12131081,medium,44
LLM v3,photo-1547468731-cc0bd2f11351.jpg,gaussian,6911940,6911940,medium,25
LLM v3,photo-1545504562-be62ffe9d4f6.jpg,gaussian,19916281,19916281,medium,77
LLM v3,photo-1547084675-e5ddb2c1d438.jpg,gaussian,5219865,5219865,medium,19
LLM v3,photo-1541757089-bc55ff4d0fec.jpg,gaussian,10910712,10910712,medium,39
LLM v3,photo-1544896990-333044d0114c.jpg,gaussian,39488148,39488148,medium,149
LLM v3,photo-1542178805-14a89821bb25.jpg,gaussian,23950025,23950025,medium,88
LLM v3,photo-1547491205-feacae9c0c22.jpg,gaussian,23950025,23950025,medium,95
LLM v3,fqUehZ3ZRru2Kh11qDBT_IMG_0042.jpg.jpg,gaussian,16548543,16548543,medium,61
LLM v3,photo-1545906785-38f53f99e380.jpg,gaussian,25906425,25906425,medium,102
LLM v3,photo-1546969430-d023da44cfec.jpg,gaussian,23950025,23950025,medium,90
LLM v3,photo-1544920860-19cb1cccd53c.jpg,gaussian,12739272,12739272,medium,47
LLM v3,photo-1546365831-cd36e1e4d63e.jpg,gaussian,30049625,30049625,medium,115
LLM v3,photo-1545006360-b2a8d6fb91df.jpg,gaussian,19448201,19448201,medium,73
LLM v3,photo-1544114449-8ffb1b7f555f.jpg,gaussian,11965025,11965025,medium,44
LLM v3,f1f2ebf3.jpg,gaussian,12131081,12131081,medium,44
LLM v3,photo-1547296899-c848d96b9961.jpg,gaussian,8952795,8952795,medium,31
LLM v3,photo-1543867534-396c71972cdc.jpg,gaussian,22579659,22579659,medium,85
LLM v3,photo-1544913776-90c1223073a3.jpg,gaussian,28371206,28371206,medium,107
LLM v3,photo-1545262810-77515befe149.jpg,gaussian,23950025,23950025,medium,92
LLM v3,1d8ef901.jpg,gaussian,16044057,16044057,medium,59
LLM v3,photo-1542847887-e31e3471722a.jpg,gaussian,30049625,30049625,medium,109
LLM v3,photo-1542291771-64f962701184.jpg,gaussian,12771702,12771702,medium,46
LLM v3,photo-1544647593-59b72ae685d5.jpg,gaussian,9387240,9387240,medium,34
LLM v3,photo-1543002601-b85cd5b8439b.jpg,gaussian,23950025,23950025,medium,91
LLM v3,photo-1546540551-29dc0a3f6786.jpg,gaussian,7751370,7751370,medium,28
LLM v3,photo-1543429625-d79f2d85bd29.jpg,gaussian,22682592,22682592,medium,90
PyTorch,photo-1547487452-5bdd9ce63723.jpg,ridge,313704448,113459200.0,small,71.51255566688876
PyTorch,30ddbd81.jpg,ridge,20643840,6881280.0,small,53.08405566650132
PyTorch,pfHrY2VQaGJuCsrFljKy_IMG_0257.JPG.jpg,ridge,22364160,7553024.0,small,14.152972333443662
PyTorch,photo-1547413749-dd39525702cd.jpg,ridge,235028480,87976618.66666667,small,80.21470800011109
PyTorch,photo-1544259342-306eccfec481.jpg,ridge,3981312,1922389.3333333333,small,55.867403333075345
PyTorch,photo-1546941180-073df0bc8154.jpg,ridge,5111808,1703936.0,small,70.5211666667213
PyTorch,f7a44cdc.jpg,ridge,7487488,3599018.6666666665,small,9.976069000083953
PyTorch,photo-1544261378-1d991c5816d1.jpg,ridge,14647296,4882432.0,small,62.42180533319091
PyTorch,cacce378.jpg,ridge,202440704,79364096.0,small,87.08866699986781
PyTorch,photo-1546423214-2eee206174a5.jpg,ridge,28459008,-31216981.333333332,small,187.73027766651163
PyTorch,frozen-grass.JPG.jpg,ridge,67665920,23210666.666666668,small,36.773347000125796
PyTorch,photo-1543441246-0c431f3ffe9d.jpg,ridge,2392064,797354.6666666666,small,36.41193033351252
PyTorch,photo-1544886324-044d2b1e5820.jpg,ridge,343326720,121907882.66666667,small,97.47558333352208
PyTorch,photo-1546013385-9318bcdef4d8.jpg,ridge,64749568,26165248.0,small,34.58643033339953
PyTorch,photo-1547835633-40a93473c488.jpg,ridge,2195456,1616554.6666666667,small,24.39356966658185
PyTorch,photo-1545525501-0b4fe2f08cb3.jpg,ridge,8912896,-24100864.0,small,207.1171110000772
PyTorch,photo-1545912641-15610f3dbc9e.jpg,ridge,22298624,7760554.666666667,small,20.12091666692868
PyTorch,photo-1544592787-1ac83baa30f0.jpg,ridge,45826048,20660224.0,small,168.86312499983856
PyTorch,photo-1546977605-99ef7f8b45d9.jpg,ridge,107380736,37022378.666666664,small,52.188388666603714
PyTorch,photo-1542850775-09dd9bbd2cca.jpg,ridge,212992,70997.33333333333,small,39.479152666870505
PyTorch,photo-1544989387-1bbbc71d2ef5.jpg,ridge,190627840,64334506.666666664,small,78.43818033331384
PyTorch,photo-1543651425-3260f9c9ecfb.jpg,ridge,198393856,82296832.0,small,100.2167776664719
PyTorch,photo-1543542849-dfa396b541c8.jpg,ridge,9142272,3047424.0,small,35.2573609999381
PyTorch,photo-1543662001-afbc8eda785e.jpg,ridge,16384,5461.333333333333,small,37.32090266654268
PyTorch,photo-1547468731-cc0bd2f11351.jpg,ridge,13680640,5368490.666666667,small,23.67693033317725
PyTorch,photo-1545504562-be62ffe9d4f6.jpg,ridge,10059776,4128768.0,small,60.771194333365806
PyTorch,photo-1547084675-e5ddb2c1d438.jpg,ridge,835584,278528.0,small,16.90190299988414
PyTorch,photo-1541757089-bc55ff4d0fec.jpg,ridge,2523136,841045.3333333334,small,35.080972333438694
PyTorch,photo-1544896990-333044d0114c.jpg,ridge,30244864,-22992213.333333332,small,177.95206933359927
PyTorch,photo-1542178805-14a89821bb25.jpg,ridge,126287872,51615061.333333336,small,75.90909766669695
PyTorch,photo-1547491205-feacae9c0c22.jpg,ridge,917504,365909.3333333333,small,70.67069433350116
PyTorch,fqUehZ3ZRru2Kh11qDBT_IMG_0042.jpg.jpg,ridge,3522560,1583786.6666666667,small,50.21174999993915
PyTorch,photo-1545906785-38f53f99e380.jpg,ridge,187056128,64192512.0,small,81.42711133339132
PyTorch,photo-1546969430-d023da44cfec.jpg,ridge,0,0.0,small,70.66366633353755
PyTorch,photo-1544920860-19cb1cccd53c.jpg,ridge,0,0.0,small,40.054208333293595
PyTorch,photo-1546365831-cd36e1e4d63e.jpg,ridge,167936000,56661333.333333336,small,96.14280533371493
PyTorch,photo-1545006360-b2a8d6fb91df.jpg,ridge,0,0.0,small,57.923680666834116
PyTorch,photo-1544114449-8ffb1b7f555f.jpg,ridge,69943296,23986176.0,small,38.5723473331891
PyTorch,f1f2ebf3.jpg,ridge,48611328,16203776.0,small,38.32390266641354
PyTorch,photo-1547296899-c848d96b9961.jpg,ridge,0,0.0,small,28.837819333498675
PyTorch,photo-1543867534-396c71972cdc.jpg,ridge,22642688,7547562.666666667,small,69.77693033311516
PyTorch,photo-1544913776-90c1223073a3.jpg,ridge,113623040,37874346.666666664,small,89.90744466660544
PyTorch,photo-1545262810-77515befe149.jpg,ridge,0,0.0,small,71.4441939999039
PyTorch,1d8ef901.jpg,ridge,0,0.0,small,53.970638999870665
PyTorch,photo-1542847887-e31e3471722a.jpg,ridge,121143296,40534016.0,small,93.51355533317353
PyTorch,photo-1542291771-64f962701184.jpg,ridge,85639168,32216405.333333332,small,41.68802766672646
PyTorch,photo-1544647593-59b72ae685d5.jpg,ridge,0,0.0,small,30.462597333515685
PyTorch,photo-1543002601-b85cd5b8439b.jpg,ridge,1146880,382293.3333333333,small,72.41308300026382
PyTorch,photo-1546540551-29dc0a3f6786.jpg,ridge,0,0.0,small,24.79556933324784
PyTorch,photo-1543429625-d79f2d85bd29.jpg,ridge,22740992,7580330.666666667,small,67.96275000010307
PyTorch,photo-1547487452-5bdd9ce63723.jpg,ridge,51150848,-250582357.33333334,medium,511.9156530001201
PyTorch,30ddbd81.jpg,ridge,18939904,12304384.0,medium,148.2791249997293
PyTorch,pfHrY2VQaGJuCsrFljKy_IMG_0257.JPG.jpg,ridge,5455872,4014080.0,medium,54.144694333119936
PyTorch,photo-1547413749-dd39525702cd.jpg,ridge,55263232,-58119509.333333336,medium,442.18494433335337
PyTorch,photo-1544259342-306eccfec481.jpg,ridge,44515328,16504149.333333334,medium,183.5769029998531
PyTorch,photo-1546941180-073df0bc8154.jpg,ridge,25706496,-36072106.666666664,medium,512.6323056666491
PyTorch,f7a44cdc.jpg,ridge,8339456,5390336.0,medium,44.53847200019906
PyTorch,photo-1544261378-1d991c5816d1.jpg,ridge,44826624,27721728.0,medium,228.08586133318022
PyTorch,cacce378.jpg,ridge,112607232,5614250.666666667,medium,394.8669583333346
PyTorch,photo-1546423214-2eee206174a5.jpg,ridge,139558912,-276922368.0,medium,1447.9401943331275
PyTorch,frozen-grass.JPG.jpg,ridge,143065088,52292266.666666664,medium,115.00333299969013
PyTorch,photo-1543441246-0c431f3ffe9d.jpg,ridge,13467648,13451264.0,medium,115.42994466672342
PyTorch,photo-1544886324-044d2b1e5820.jpg,ridge,361086976,142038357.33333334,medium,285.624444666629
PyTorch,photo-1546013385-9318bcdef4d8.jpg,ridge,69337088,23205205.333333332,medium,114.46199999982491
PyTorch,photo-1547835633-40a93473c488.jpg,ridge,15499264,11130197.333333334,medium,79.59901400019105
PyTorch,photo-1545525501-0b4fe2f08cb3.jpg,ridge,-70451200,-325637461.3333333,medium,2542.6241939997612
PyTorch,photo-1545912641-15610f3dbc9e.jpg,ridge,91521024,38207488.0,medium,83.11836100012685
PyTorch,photo-1544592787-1ac83baa30f0.jpg,ridge,86654976,42440021.333333336,medium,415.9079996667181
PyTorch,photo-1546977605-99ef7f8b45d9.jpg,ridge,107282432,42314410.666666664,medium,183.71623633320755
PyTorch,photo-1542850775-09dd9bbd2cca.jpg,ridge,10158080,6280533.333333333,medium,122.6579306665808
PyTorch,photo-1544989387-1bbbc71d2ef5.jpg,ridge,188809216,76546048.0,medium,246.69165300003564
PyTorch,photo-1543651425-3260f9c9ecfb.jpg,ridge,265043968,96387072.0,medium,298.274374999882
PyTorch,photo-1543542849-dfa396b541c8.jpg,ridge,32768,10922.666666666666,medium,123.25497233339895
PyTorch,photo-1543662001-afbc8eda785e.jpg,ridge,32768,16384.0,medium,119.48251400018732
PyTorch,photo-1547468731-cc0bd2f11351.jpg,ridge,19562496,7536640.0,medium,98.12933300000925
PyTorch,photo-1545504562-be62ffe9d4f6.jpg,ridge,3194880,1600170.6666666667,medium,198.60537533306828
PyTorch,photo-1547084675-e5ddb2c1d438.jpg,ridge,13746176,4582058.666666667,medium,64.41230566675465
PyTorch,photo-1541757089-bc55ff4d0fec.jpg,ridge,0,0.0,medium,128.45231966643283
PyTorch,photo-1544896990-333044d0114c.jpg,ridge,16302080,5434026.666666667,medium,439.3214720003307
PyTorch,photo-1542178805-14a89821bb25.jpg,ridge,133840896,44613632.0,medium,242.70095799987516
PyTorch,photo-1547491205-feacae9c0c22.jpg,ridge,1998848,972117.3333333334,medium,230.6847219998017
PyTorch,fqUehZ3ZRru2Kh11qDBT_IMG_0042.jpg.jpg,ridge,0,0.0,medium,154.82718033343554
PyTorch,photo-1545906785-38f53f99e380.jpg,ridge,179503104,62062592.0,medium,251.01383366668597
PyTorch,photo-1546969430-d023da44cfec.jpg,ridge,0,0.0,medium,228.44561099990582
PyTorch,photo-1544920860-19cb1cccd53c.jpg,ridge,50970624,16990208.0,medium,156.83797199993083
PyTorch,photo-1546365831-cd36e1e4d63e.jpg,ridge,242876416,81062570.66666667,medium,294.2474863336732
PyTorch,photo-1545006360-b2a8d6fb91df.jpg,ridge,22249472,7416490.666666667,medium,190.2262223333431
PyTorch,photo-1544114449-8ffb1b7f555f.jpg,ridge,47874048,15958016.0,medium,127.3312360001728
PyTorch,f1f2ebf3.jpg,ridge,688128,234837.33333333334,medium,131.46633366666114
PyTorch,photo-1547296899-c848d96b9961.jpg,ridge,0,0.0,medium,96.95022233342752
PyTorch,photo-1543867534-396c71972cdc.jpg,ridge,0,0.0,medium,218.14501333345348
PyTorch,photo-1544913776-90c1223073a3.jpg,ridge,113491968,37830656.0,medium,285.9093613335863
PyTorch,photo-1545262810-77515befe149.jpg,ridge,10780672,3593557.3333333335,medium,224.9846666667921
PyTorch,1d8ef901.jpg,ridge,0,0.0,medium,161.2637219998675
PyTorch,photo-1542847887-e31e3471722a.jpg,ridge,138149888,46055424.0,medium,290.94761099976796
PyTorch,photo-1542291771-64f962701184.jpg,ridge,85557248,33871189.333333336,medium,139.43894433323294
PyTorch,photo-1544647593-59b72ae685d5.jpg,ridge,0,0.0,medium,123.2835136669067
PyTorch,photo-1543002601-b85cd5b8439b.jpg,ridge,3538944,1179648.0,medium,224.01949999993667
PyTorch,photo-1546540551-29dc0a3f6786.jpg,ridge,1294336,431445.3333333333,medium,94.50944433314726
PyTorch,photo-1543429625-d79f2d85bd29.jpg,ridge,22740992,7580330.666666667,medium,231.47941700012112
PyTorch,photo-1547487452-5bdd9ce63723.jpg,ridge,-126631936,-422384981.3333333,large,4441.192041333299
PyTorch,30ddbd81.jpg,ridge,83099648,-16083626.666666666,large,901.7159583332638
PyTorch,pfHrY2VQaGJuCsrFljKy_IMG_0257.JPG.jpg,ridge,69025792,28093098.666666668,large,178.02869466676688
PyTorch,photo-1547413749-dd39525702cd.jpg,ridge,-127614976,-206651392.0,large,4832.920847333192
PyTorch,photo-1544259342-306eccfec481.jpg,ridge,-128024576,-194281472.0,large,2569.1245140001797
PyTorch,photo-1546941180-073df0bc8154.jpg,ridge,-126648320,-171365717.33333334,large,4350.144166666549
PyTorch,f7a44cdc.jpg,ridge,29622272,11474261.333333334,large,131.16019466659054
PyTorch,photo-1544261378-1d991c5816d1.jpg,ridge,50397184,-74869418.66666667,large,2662.9333053335235
PyTorch,cacce378.jpg,ridge,-127844352,-213412522.66666666,large,10662.773042000053
PyTorch,photo-1546423214-2eee206174a5.jpg,ridge,-128122880,-283104597.3333333,large,54009.75562533317
PyTorch,frozen-grass.JPG.jpg,ridge,143360000,51156309.333333336,large,396.557889000047
PyTorch,photo-1543441246-0c431f3ffe9d.jpg,ridge,13516800,5472256.0,large,404.8387356669021
PyTorch,photo-1544886324-044d2b1e5820.jpg,ridge,-125173760,-191594496.0,large,33242.62916633316
PyTorch,photo-1546013385-9318bcdef4d8.jpg,ridge,145260544,56066048.0,large,418.96840266666067
PyTorch,photo-1547835633-40a93473c488.jpg,ridge,56999936,29136213.333333332,large,303.4745833335134
PyTorch,photo-1545525501-0b4fe2f08cb3.jpg,ridge,-125468672,-297495210.6666667,large,103895.22833333335
PyTorch,photo-1545912641-15610f3dbc9e.jpg,ridge,87785472,37142528.0,large,258.6145830002303
PyTorch,photo-1544592787-1ac83baa30f0.jpg,ridge,-123928576,-265125888.0,large,71110.677847
PyTorch,photo-1546977605-99ef7f8b45d9.jpg,ridge,214204416,81373866.66666667,large,617.9876110002709
PyTorch,photo-1542850775-09dd9bbd2cca.jpg,ridge,61063168,25793877.333333332,large,462.7225556666963
PyTorch,photo-1544989387-1bbbc71d2ef5.jpg,ridge,-126451712,-231445845.33333334,large,17952.17038900017
PyTorch,photo-1543651425-3260f9c9ecfb.jpg,ridge,-126238720,-178880512.0,large,24228.783986333292
PyTorch,photo-1543542849-dfa396b541c8.jpg,ridge,115277824,41435136.0,large,411.92411100010696
PyTorch,photo-1543662001-afbc8eda785e.jpg,ridge,30801920,11010048.0,large,458.2438890002668
PyTorch,photo-1547468731-cc0bd2f11351.jpg,ridge,36831232,14259541.333333334,large,265.4238746670696
PyTorch,photo-1545504562-be62ffe9d4f6.jpg,ridge,-126533632,-281635498.6666667,large,9067.189638666654
PyTorch,photo-1547084675-e5ddb2c1d438.jpg,ridge,61243392,30343168.0,large,205.82256899991384
PyTorch,photo-1541757089-bc55ff4d0fec.jpg,ridge,135102464,45077845.333333336,large,394.05061100019765
PyTorch,photo-1544896990-333044d0114c.jpg,ridge,-126238720,-334397440.0,large,59887.097652333476
PyTorch,photo-1542178805-14a89821bb25.jpg,ridge,-95322112,-117052757.33333333,large,5861.110278000124
PyTorch,photo-1547491205-feacae9c0c22.jpg,ridge,-127975424,-188672682.66666666,large,4540.853624999989
PyTorch,fqUehZ3ZRru2Kh11qDBT_IMG_0042.jpg.jpg,ridge,103694336,-78566741.33333333,large,2059.8432356667086
PyTorch,photo-1545906785-38f53f99e380.jpg,ridge,-127959040,-187782485.33333334,large,9812.765138666611
PyTorch,photo-1546969430-d023da44cfec.jpg,ridge,-128172032,-194554538.66666666,large,5096.350444333318
PyTorch,photo-1544920860-19cb1cccd53c.jpg,ridge,131661824,54771712.0,large,467.127291333396
PyTorch,photo-1546365831-cd36e1e4d63e.jpg,ridge,-126222336,-213215914.66666666,large,28818.312055333517
PyTorch,photo-1545006360-b2a8d6fb91df.jpg,ridge,96305152,-48922624.0,large,2794.332944666656
PyTorch,photo-1544114449-8ffb1b7f555f.jpg,ridge,148914176,52002816.0,large,411.6269303335187
PyTorch,f1f2ebf3.jpg,ridge,2392064,928426.6666666666,large,410.8200696666415
PyTorch,photo-1547296899-c848d96b9961.jpg,ridge,10862592,3893930.6666666665,large,332.442027666606
PyTorch,photo-1543867534-396c71972cdc.jpg,ridge,-127959040,-264820053.33333334,large,16807.663402666647
PyTorch,photo-1544913776-90c1223073a3.jpg,ridge,-127909888,-172976810.66666666,large,5617.0384306667065
PyTorch,photo-1545262810-77515befe149.jpg,ridge,-127909888,-201632426.66666666,large,3313.2031666667513
PyTorch,1d8ef901.jpg,ridge,85475328,40026112.0,large,576.3271113334534
PyTorch,photo-1542847887-e31e3471722a.jpg,ridge,-126648320,-215394986.66666666,large,34089.097333333455
PyTorch,photo-1542291771-64f962701184.jpg,ridge,182878208,66300586.666666664,large,493.26041633309796
PyTorch,photo-1544647593-59b72ae685d5.jpg,ridge,46759936,17896789.333333332,large,351.13070866667357
PyTorch,photo-1543002601-b85cd5b8439b.jpg,ridge,-126599168,-287653888.0,large,3850.0860556669845
PyTorch,photo-1546540551-29dc0a3f6786.jpg,ridge,120324096,49627136.0,large,296.0475696665235
PyTorch,photo-1543429625-d79f2d85bd29.jpg,ridge,-127860736,-235869525.33333334,large,16883.64951400024
PyTorch,photo-1547487452-5bdd9ce63723.jpg,sharpen,149012480,67338240.0,small,81.99245866636436
PyTorch,30ddbd81.jpg,sharpen,2768896,1840469.3333333333,small,53.919222333158054
PyTorch,pfHrY2VQaGJuCsrFljKy_IMG_0257.JPG.jpg,sharpen,2621440,1125034.6666666667,small,13.861236333381385
PyTorch,photo-1547413749-dd39525702cd.jpg,sharpen,119799808,43477674.666666664,small,76.52237500001986
PyTorch,photo-1544259342-306eccfec481.jpg,sharpen,950272,316757.3333333333,small,58.39911099988967
PyTorch,photo-1546941180-073df0bc8154.jpg,sharpen,32620544,13751637.333333334,small,87.87944466698293
PyTorch,f7a44cdc.jpg,sharpen,8404992,2812586.6666666665,small,20.87112500006333
PyTorch,photo-1544261378-1d991c5816d1.jpg,sharpen,2801664,933888.0,small,62.66934733372182
PyTorch,cacce378.jpg,sharpen,98680832,32926378.666666668,small,75.54756933279957
PyTorch,photo-1546423214-2eee206174a5.jpg,sharpen,49053696,20529152.0,small,173.57652766645575
PyTorch,frozen-grass.JPG.jpg,sharpen,1425408,529749.3333333334,small,41.88623599956433
PyTorch,photo-1543441246-0c431f3ffe9d.jpg,sharpen,0,0.0,small,32.97272233307982
PyTorch,photo-1544886324-044d2b1e5820.jpg,sharpen,316686336,106239317.33333333,small,99.99173633366202
PyTorch,photo-1546013385-9318bcdef4d8.jpg,sharpen,69189632,27694421.333333332,small,35.84250000026077
PyTorch,photo-1547835633-40a93473c488.jpg,sharpen,5439488,2468522.6666666665,small,24.82124966646855
PyTorch,photo-1545525501-0b4fe2f08cb3.jpg,sharpen,35504128,2342912.0,small,202.70256933337077
PyTorch,photo-1545912641-15610f3dbc9e.jpg,sharpen,15138816,5046272.0,small,19.69924999975289
PyTorch,photo-1544592787-1ac83baa30f0.jpg,sharpen,42500096,22577152.0,small,163.47365266658986
PyTorch,photo-1546977605-99ef7f8b45d9.jpg,sharpen,107380736,35804501.333333336,small,53.29972199955955
PyTorch,photo-1542850775-09dd9bbd2cca.jpg,sharpen,16384,5461.333333333333,small,39.19077833369374
PyTorch,photo-1544989387-1bbbc71d2ef5.jpg,sharpen,206536704,68845568.0,small,79.74143066660811
PyTorch,photo-1543651425-3260f9c9ecfb.jpg,sharpen,280018944,93339648.0,small,103.20784766661625
PyTorch,photo-1543542849-dfa396b541c8.jpg,sharpen,0,0.0,small,38.1575559998552
PyTorch,photo-1543662001-afbc8eda785e.jpg,sharpen,0,0.0,small,49.67224999982864
PyTorch,photo-1547468731-cc0bd2f11351.jpg,sharpen,11567104,4450986.666666667,small,29.124944666400552
PyTorch,photo-1545504562-be62ffe9d4f6.jpg,sharpen,0,0.0,small,65.21179133327678
PyTorch,photo-1547084675-e5ddb2c1d438.jpg,sharpen,0,0.0,small,19.7895140000619
PyTorch,photo-1541757089-bc55ff4d0fec.jpg,sharpen,0,0.0,small,38.21813866713395
PyTorch,photo-1544896990-333044d0114c.jpg,sharpen,18743296,6247765.333333333,small,162.9247919996269
PyTorch,photo-1542178805-14a89821bb25.jpg,sharpen,126287872,42095957.333333336,small,80.37076366677259
PyTorch,photo-1547491205-feacae9c0c22.jpg,sharpen,30507008,10169002.666666666,small,77.77408299967647
PyTorch,fqUehZ3ZRru2Kh11qDBT_IMG_0042.jpg.jpg,sharpen,0,0.0,small,58.976833333571754
PyTorch,photo-1545906785-38f53f99e380.jpg,sharpen,181698560,60566186.666666664,small,95.90069466658558
PyTorch,photo-1546969430-d023da44cfec.jpg,sharpen,0,0.0,small,88.97991666663438
PyTorch,photo-1544920860-19cb1cccd53c.jpg,sharpen,51052544,17017514.666666668,small,43.78318066693222
PyTorch,photo-1546365831-cd36e1e4d63e.jpg,sharpen,241139712,80379904.0,small,99.71738899980362
PyTorch,photo-1545006360-b2a8d6fb91df.jpg,sharpen,0,0.0,small,60.73668033319215
PyTorch,photo-1544114449-8ffb1b7f555f.jpg,sharpen,47955968,16203776.0,small,41.84866666638603
PyTorch,f1f2ebf3.jpg,sharpen,196608,65536.0,small,38.12802799992884
PyTorch,photo-1547296899-c848d96b9961.jpg,sharpen,0,0.0,small,28.573096999898553
PyTorch,photo-1543867534-396c71972cdc.jpg,sharpen,0,0.0,small,70.6508333333768
PyTorch,photo-1544913776-90c1223073a3.jpg,sharpen,113623040,37885269.333333336,small,94.71354166651145
PyTorch,photo-1545262810-77515befe149.jpg,sharpen,0,0.0,small,80.96197233364607
PyTorch,1d8ef901.jpg,sharpen,0,0.0,small,61.910041333331414
PyTorch,photo-1542847887-e31e3471722a.jpg,sharpen,120422400,40140800.0,small,97.75820799979071
PyTorch,photo-1542291771-64f962701184.jpg,sharpen,85639168,28546389.333333332,small,44.37927733330677
PyTorch,photo-1544647593-59b72ae685d5.jpg,sharpen,16384,5461.333333333333,small,30.672777666710317
PyTorch,photo-1543002601-b85cd5b8439b.jpg,sharpen,0,0.0,small,75.45945866669838
PyTorch,photo-1546540551-29dc0a3f6786.jpg,sharpen,7815168,2605056.0,small,27.05968033336103
PyTorch,photo-1543429625-d79f2d85bd29.jpg,sharpen,22740992,7580330.666666667,small,69.23999966696526
PyTorch,photo-1547487452-5bdd9ce63723.jpg,sharpen,262144,87381.33333333333,medium,242.45373599991822
PyTorch,30ddbd81.jpg,sharpen,0,0.0,medium,171.01348600008836
PyTorch,pfHrY2VQaGJuCsrFljKy_IMG_0257.JPG.jpg,sharpen,1114112,617130.6666666666,medium,58.21473600016907
PyTorch,photo-1547413749-dd39525702cd.jpg,sharpen,557056,185685.33333333334,medium,234.2775139999576
PyTorch,photo-1544259342-306eccfec481.jpg,sharpen,32768,21845.333333333332,medium,192.59352766660353
PyTorch,photo-1546941180-073df0bc8154.jpg,sharpen,2867200,1059498.6666666667,medium,241.88888900028542
PyTorch,f7a44cdc.jpg,sharpen,0,0.0,medium,42.070069332917534
PyTorch,photo-1544261378-1d991c5816d1.jpg,sharpen,0,0.0,medium,212.69687499975166
PyTorch,cacce378.jpg,sharpen,48201728,16067242.666666666,medium,250.30995799973607
PyTorch,photo-1546423214-2eee206174a5.jpg,sharpen,27459584,9557333.333333334,medium,459.5981113333255
PyTorch,frozen-grass.JPG.jpg,sharpen,0,-3566250.6666666665,medium,121.61351433334251
PyTorch,photo-1543441246-0c431f3ffe9d.jpg,sharpen,0,0.0,medium,115.44283333327621
PyTorch,photo-1544886324-044d2b1e5820.jpg,sharpen,307363840,102454613.33333333,medium,322.06058333379525
PyTorch,photo-1546013385-9318bcdef4d8.jpg,sharpen,69025792,23008597.333333332,medium,126.45947199997802
PyTorch,photo-1547835633-40a93473c488.jpg,sharpen,0,0.0,medium,88.48773633347203
PyTorch,photo-1545525501-0b4fe2f08cb3.jpg,sharpen,32096256,-171016192.0,medium,668.3830140003314
PyTorch,photo-1545912641-15610f3dbc9e.jpg,sharpen,76267520,32893610.666666668,medium,89.2992920006315
PyTorch,photo-1544592787-1ac83baa30f0.jpg,sharpen,43892736,20321621.333333332,medium,435.3454029997811
PyTorch,photo-1546977605-99ef7f8b45d9.jpg,sharpen,110903296,39671125.333333336,medium,190.9044030001387
PyTorch,photo-1542850775-09dd9bbd2cca.jpg,sharpen,0,0.0,medium,131.8412916669622
PyTorch,photo-1544989387-1bbbc71d2ef5.jpg,sharpen,206929920,68976640.0,medium,254.098389000011
PyTorch,photo-1543651425-3260f9c9ecfb.jpg,sharpen,265043968,88347989.33333333,medium,311.07345833287883
PyTorch,photo-1543542849-dfa396b541c8.jpg,sharpen,0,0.0,medium,130.6204719999805
PyTorch,photo-1543662001-afbc8eda785e.jpg,sharpen,0,0.0,medium,126.70891666660707
PyTorch,photo-1547468731-cc0bd2f11351.jpg,sharpen,10878976,8235690.666666667,medium,110.80888866633177
PyTorch,photo-1545504562-be62ffe9d4f6.jpg,sharpen,3194880,1064960.0,medium,209.24108333388963
PyTorch,photo-1547084675-e5ddb2c1d438.jpg,sharpen,999424,333141.3333333333,medium,67.81488866638392
PyTorch,photo-1541757089-bc55ff4d0fec.jpg,sharpen,0,0.0,medium,134.01627766651413
PyTorch,photo-1544896990-333044d0114c.jpg,sharpen,4079616,1359872.0,medium,454.01486133318394
PyTorch,photo-1542178805-14a89821bb25.jpg,sharpen,127762432,42587477.333333336,medium,239.27977799996734
PyTorch,photo-1547491205-feacae9c0c22.jpg,sharpen,0,0.0,medium,246.996680667003
PyTorch,fqUehZ3ZRru2Kh11qDBT_IMG_0042.jpg.jpg,sharpen,0,0.0,medium,172.91583333350718
PyTorch,photo-1545906785-38f53f99e380.jpg,sharpen,179421184,59807061.333333336,medium,259.8071526667724
PyTorch,photo-1546969430-d023da44cfec.jpg,sharpen,3538944,1179648.0,medium,244.64406933356076
PyTorch,photo-1544920860-19cb1cccd53c.jpg,sharpen,50970624,16990208.0,medium,168.51680566649884
PyTorch,photo-1546365831-cd36e1e4d63e.jpg,sharpen,240844800,82132992.0,medium,304.4033749997616
PyTorch,photo-1545006360-b2a8d6fb91df.jpg,sharpen,14467072,4822357.333333333,medium,203.01476366693774
PyTorch,photo-1544114449-8ffb1b7f555f.jpg,sharpen,47874048,15958016.0,medium,125.42534733315308
PyTorch,f1f2ebf3.jpg,sharpen,0,0.0,medium,130.39015233299384
PyTorch,photo-1547296899-c848d96b9961.jpg,sharpen,0,0.0,medium,99.13986133318394
PyTorch,photo-1543867534-396c71972cdc.jpg,sharpen,0,0.0,medium,223.57379199999073
PyTorch,photo-1544913776-90c1223073a3.jpg,sharpen,113491968,37830656.0,medium,305.6101803329463
PyTorch,photo-1545262810-77515befe149.jpg,sharpen,0,0.0,medium,241.59766699994603
PyTorch,1d8ef901.jpg,sharpen,0,0.0,medium,176.07866666683307
PyTorch,photo-1542847887-e31e3471722a.jpg,sharpen,120422400,40140800.0,medium,316.02877733359736
PyTorch,photo-1542291771-64f962701184.jpg,sharpen,85557248,28519082.666666668,medium,156.7256113337353
PyTorch,photo-1544647593-59b72ae685d5.jpg,sharpen,0,0.0,medium,129.71438833295056
PyTorch,photo-1543002601-b85cd5b8439b.jpg,sharpen,0,0.0,medium,252.47554166583964
PyTorch,photo-1546540551-29dc0a3f6786.jpg,sharpen,7766016,3626325.3333333335,medium,105.44675000011921
PyTorch,photo-1543429625-d79f2d85bd29.jpg,sharpen,22740992,7580330.666666667,medium,237.14894466660917
PyTorch,photo-1547487452-5bdd9ce63723.jpg,sharpen,-127909888,-422685354.6666667,large,4363.98023599976
PyTorch,30ddbd81.jpg,sharpen,79364096,-16149162.666666666,large,829.0561250001192
PyTorch,pfHrY2VQaGJuCsrFljKy_IMG_0257.JPG.jpg,sharpen,64618496,25870336.0,large,184.8402363335093
PyTorch,photo-1547413749-dd39525702cd.jpg,sharpen,-128122880,-204040874.66666666,large,4850.625819333208
PyTorch,photo-1544259342-306eccfec481.jpg,sharpen,-127975424,-193779029.33333334,large,2457.3839166664206
PyTorch,photo-1546941180-073df0bc8154.jpg,sharpen,-128253952,-171283797.33333334,large,4384.254569333668
PyTorch,f7a44cdc.jpg,sharpen,37191680,13959168.0,large,144.71425000019372
PyTorch,photo-1544261378-1d991c5816d1.jpg,sharpen,-128073728,-208475477.33333334,large,4660.293597333443
PyTorch,cacce378.jpg,sharpen,-126566400,-177111040.0,large,13038.107333333543
PyTorch,photo-1546423214-2eee206174a5.jpg,sharpen,-127057920,-281635498.6666667,large,50625.287833333634
PyTorch,frozen-grass.JPG.jpg,sharpen,143343616,50795861.333333336,large,383.80029166676104
PyTorch,photo-1543441246-0c431f3ffe9d.jpg,sharpen,13451264,8088234.666666667,large,386.3890000001217
PyTorch,photo-1544886324-044d2b1e5820.jpg,sharpen,-125009920,-193358506.66666666,large,29182.19705600012
PyTorch,photo-1546013385-9318bcdef4d8.jpg,sharpen,144195584,52707328.0,large,425.6029723333195
PyTorch,photo-1547835633-40a93473c488.jpg,sharpen,43073536,24892757.333333332,large,299.1048750001937
PyTorch,photo-1545525501-0b4fe2f08cb3.jpg,sharpen,-128892928,-290417322.6666667,large,96797.54873599981
PyTorch,photo-1545912641-15610f3dbc9e.jpg,sharpen,94044160,34832384.0,large,247.69363933367035
PyTorch,photo-1544592787-1ac83baa30f0.jpg,sharpen,-124092416,-262946816.0,large,70922.4399169997
PyTorch,photo-1546977605-99ef7f8b45d9.jpg,sharpen,219054080,54580565.333333336,large,824.0044860001653
PyTorch,photo-1542850775-09dd9bbd2cca.jpg,sharpen,83361792,32822613.333333332,large,483.1092776665464
PyTorch,photo-1544989387-1bbbc71d2ef5.jpg,sharpen,-126648320,-225656832.0,large,20546.266097000178
PyTorch,photo-1543651425-3260f9c9ecfb.jpg,sharpen,-126402560,-179104426.66666666,large,16932.345485667076
PyTorch,photo-1543542849-dfa396b541c8.jpg,sharpen,115343360,38491477.333333336,large,401.6309446667631
PyTorch,photo-1543662001-afbc8eda785e.jpg,sharpen,21905408,12380842.666666666,large,412.13418000005186
PyTorch,photo-1547468731-cc0bd2f11351.jpg,sharpen,51412992,25635498.666666668,large,249.70794466634592
PyTorch,photo-1545504562-be62ffe9d4f6.jpg,sharpen,22396928,-200245248.0,large,4956.189069333486
PyTorch,photo-1547084675-e5ddb2c1d438.jpg,sharpen,60653568,25335125.333333332,large,199.21262500000498
PyTorch,photo-1541757089-bc55ff4d0fec.jpg,sharpen,131514368,46945621.333333336,large,369.39941633368534
PyTorch,photo-1544896990-333044d0114c.jpg,sharpen,-126517248,-330585429.3333333,large,54006.611777666956
PyTorch,photo-1542178805-14a89821bb25.jpg,sharpen,-95666176,-117320362.66666667,large,4932.401847333337
PyTorch,photo-1547491205-feacae9c0c22.jpg,sharpen,-126713856,-188159317.33333334,large,3712.1436109999195
PyTorch,fqUehZ3ZRru2Kh11qDBT_IMG_0042.jpg.jpg,sharpen,88375296,41052842.666666664,large,561.0699169998989
PyTorch,photo-1545906785-38f53f99e380.jpg,sharpen,-126500864,-236290048.0,large,7285.087777666437
PyTorch,photo-1546969430-d023da44cfec.jpg,sharpen,-126615552,-194128554.66666666,large,4201.249361000024
PyTorch,photo-1544920860-19cb1cccd53c.jpg,sharpen,126287872,47961429.333333336,large,447.70449966657907
PyTorch,photo-1546365831-cd36e1e4d63e.jpg,sharpen,-128106496,-208601088.0,large,27509.45400000022
PyTorch,photo-1545006360-b2a8d6fb91df.jpg,sharpen,111214592,-8803669.333333334,large,2085.5892223327733
PyTorch,photo-1544114449-8ffb1b7f555f.jpg,sharpen,158924800,57469610.666666664,large,405.04511133364093
PyTorch,f1f2ebf3.jpg,sharpen,2031616,966656.0,large,401.6390413331489
PyTorch,photo-1547296899-c848d96b9961.jpg,sharpen,1245184,442368.0,large,303.781916999879
PyTorch,photo-1543867534-396c71972cdc.jpg,sharpen,-126222336,-281635498.6666667,large,13208.107069666497
PyTorch,photo-1544913776-90c1223073a3.jpg,sharpen,-127893504,-173211648.0,large,4969.979180333205
PyTorch,photo-1545262810-77515befe149.jpg,sharpen,-128024576,-201894570.66666666,large,3099.046250333699
PyTorch,1d8ef901.jpg,sharpen,85409792,28480853.333333332,large,540.4653189998741
PyTorch,photo-1542847887-e31e3471722a.jpg,sharpen,-126435328,-202959530.66666666,large,30912.108458332717
PyTorch,photo-1542291771-64f962701184.jpg,sharpen,182714368,69009408.0,large,454.39019433346886
PyTorch,photo-1544647593-59b72ae685d5.jpg,sharpen,47677440,16804522.666666668,large,328.28791633372504
PyTorch,photo-1543002601-b85cd5b8439b.jpg,sharpen,-127844352,-289565354.6666667,large,3449.499722000522
PyTorch,photo-1546540551-29dc0a3f6786.jpg,sharpen,120635392,51844437.333333336,large,271.1478196674337
PyTorch,photo-1543429625-d79f2d85bd29.jpg,sharpen,-126435328,-232969557.33333334,large,15078.244305333434
PyTorch,photo-1547487452-5bdd9ce63723.jpg,box-blur,148963328,60020053.333333336,small,69.40077766620864
PyTorch,30ddbd81.jpg,box-blur,1425408,475136.0,small,50.42022233301153
PyTorch,pfHrY2VQaGJuCsrFljKy_IMG_0257.JPG.jpg,box-blur,1392640,469674.6666666667,small,14.631874999652306
PyTorch,photo-1547413749-dd39525702cd.jpg,box-blur,116801536,42161493.333333336,small,80.34943033382297
PyTorch,photo-1544259342-306eccfec481.jpg,box-blur,25116672,8377685.333333333,small,56.37647200003266
PyTorch,photo-1546941180-073df0bc8154.jpg,box-blur,13484032,8759978.666666666,small,78.9862219998613
PyTorch,f7a44cdc.jpg,box-blur,3407872,1671168.0,small,9.925111332908273
PyTorch,photo-1544261378-1d991c5816d1.jpg,box-blur,3637248,1212416.0,small,67.74780566679935
PyTorch,cacce378.jpg,box-blur,86032384,34652160.0,small,76.38323600000392
PyTorch,photo-1546423214-2eee206174a5.jpg,box-blur,29212672,9737557.333333334,small,168.69358333355436
PyTorch,frozen-grass.JPG.jpg,box-blur,1310720,436906.6666666667,small,33.59709733321021
PyTorch,photo-1543441246-0c431f3ffe9d.jpg,box-blur,114688,65536.0,small,32.09040266678979
PyTorch,photo-1544886324-044d2b1e5820.jpg,box-blur,316686336,107790336.0,small,98.75022200060387
PyTorch,photo-1546013385-9318bcdef4d8.jpg,box-blur,69107712,27634346.666666668,small,34.58895833355685
PyTorch,photo-1547835633-40a93473c488.jpg,box-blur,0,0.0,small,25.040291333571076
PyTorch,photo-1545525501-0b4fe2f08cb3.jpg,box-blur,59113472,2408448.0,small,203.2668470001469
PyTorch,photo-1545912641-15610f3dbc9e.jpg,box-blur,15515648,5171882.666666667,small,19.79015300019334
PyTorch,photo-1544592787-1ac83baa30f0.jpg,box-blur,21282816,8492373.333333334,small,169.6527776668469
PyTorch,photo-1546977605-99ef7f8b45d9.jpg,box-blur,114655232,47316992.0,small,54.711250000322856
PyTorch,photo-1542850775-09dd9bbd2cca.jpg,box-blur,0,0.0,small,43.936472333346806
PyTorch,photo-1544989387-1bbbc71d2ef5.jpg,box-blur,184745984,61581994.666666664,small,80.6750279997165
PyTorch,photo-1543651425-3260f9c9ecfb.jpg,box-blur,283688960,94562986.66666667,small,101.57072233284514
PyTorch,photo-1543542849-dfa396b541c8.jpg,box-blur,16384,5461.333333333333,small,35.06325000027815
PyTorch,photo-1543662001-afbc8eda785e.jpg,box-blur,0,0.0,small,37.718610999795295
PyTorch,photo-1547468731-cc0bd2f11351.jpg,box-blur,10944512,3648170.6666666665,small,24.429847333269816
PyTorch,photo-1545504562-be62ffe9d4f6.jpg,box-blur,3571712,1190570.6666666667,small,60.541666666666664
PyTorch,photo-1547084675-e5ddb2c1d438.jpg,box-blur,0,0.0,small,16.322486666652065
PyTorch,photo-1541757089-bc55ff4d0fec.jpg,box-blur,16384,5461.333333333333,small,34.22395866612593
PyTorch,photo-1544896990-333044d0114c.jpg,box-blur,11517952,3839317.3333333335,small,160.47777766672274
PyTorch,photo-1542178805-14a89821bb25.jpg,box-blur,126287872,42095957.333333336,small,76.0751530000319
PyTorch,photo-1547491205-feacae9c0c22.jpg,box-blur,14254080,4751360.0,small,70.37494433298707
PyTorch,fqUehZ3ZRru2Kh11qDBT_IMG_0042.jpg.jpg,box-blur,0,0.0,small,49.52708366699517
PyTorch,photo-1545906785-38f53f99e380.jpg,box-blur,179552256,68031829.33333333,small,81.01470799992482
PyTorch,photo-1546969430-d023da44cfec.jpg,box-blur,2834432,944810.6666666666,small,70.27180566669752
PyTorch,photo-1544920860-19cb1cccd53c.jpg,box-blur,51052544,17017514.666666668,small,39.37219399989893
PyTorch,photo-1546365831-cd36e1e4d63e.jpg,box-blur,240844800,82897578.66666667,small,95.36912499958028
PyTorch,photo-1545006360-b2a8d6fb91df.jpg,box-blur,0,0.0,small,59.35986100013057
PyTorch,photo-1544114449-8ffb1b7f555f.jpg,box-blur,47955968,15985322.666666666,small,37.523694667344294
PyTorch,f1f2ebf3.jpg,box-blur,0,0.0,small,38.211833333286144
PyTorch,photo-1547296899-c848d96b9961.jpg,box-blur,0,0.0,small,28.127222333413858
PyTorch,photo-1543867534-396c71972cdc.jpg,box-blur,19120128,6373376.0,small,69.1065279993539
PyTorch,photo-1544913776-90c1223073a3.jpg,box-blur,113623040,37874346.666666664,small,88.97961100097746
PyTorch,photo-1545262810-77515befe149.jpg,box-blur,0,0.0,small,71.79204199990879
PyTorch,1d8ef901.jpg,box-blur,0,0.0,small,52.35549966649463
PyTorch,photo-1542847887-e31e3471722a.jpg,box-blur,120422400,49845589.333333336,small,91.83194433369984
PyTorch,photo-1542291771-64f962701184.jpg,box-blur,85639168,28546389.333333332,small,47.670138666406274
PyTorch,photo-1544647593-59b72ae685d5.jpg,box-blur,0,0.0,small,30.134430666764576
PyTorch,photo-1543002601-b85cd5b8439b.jpg,box-blur,15564800,5188266.666666667,small,71.49990299995989
PyTorch,photo-1546540551-29dc0a3f6786.jpg,box-blur,0,0.0,small,24.458791666353743
PyTorch,photo-1543429625-d79f2d85bd29.jpg,box-blur,22773760,8126464.0,small,71.36655533313751
PyTorch,photo-1547487452-5bdd9ce63723.jpg,box-blur,229376,98304.0,medium,249.10697233273336
PyTorch,30ddbd81.jpg,box-blur,17416192,5816320.0,medium,165.48337500014654
PyTorch,pfHrY2VQaGJuCsrFljKy_IMG_0257.JPG.jpg,box-blur,0,0.0,medium,58.601875000322856
PyTorch,photo-1547413749-dd39525702cd.jpg,box-blur,2801664,933888.0,medium,226.63256966664144
PyTorch,photo-1544259342-306eccfec481.jpg,box-blur,0,0.0,medium,185.93644400003055
PyTorch,photo-1546941180-073df0bc8154.jpg,box-blur,0,0.0,medium,227.4224579995498
PyTorch,f7a44cdc.jpg,box-blur,3129344,1228800.0,medium,45.322555333686374
PyTorch,photo-1544261378-1d991c5816d1.jpg,box-blur,0,0.0,medium,219.87384699968
PyTorch,cacce378.jpg,box-blur,45318144,20944213.333333332,medium,233.40673600013056
PyTorch,photo-1546423214-2eee206174a5.jpg,box-blur,52674560,-144173738.66666666,medium,534.1169026667873
PyTorch,frozen-grass.JPG.jpg,box-blur,4505600,-1764010.6666666667,medium,120.42702766663085
PyTorch,photo-1543441246-0c431f3ffe9d.jpg,box-blur,13402112,4467370.666666667,medium,110.18765299984564
PyTorch,photo-1544886324-044d2b1e5820.jpg,box-blur,335085568,111706112.0,medium,298.4373473332574
PyTorch,photo-1546013385-9318bcdef4d8.jpg,box-blur,69271552,27667114.666666668,medium,134.23551366726556
PyTorch,photo-1547835633-40a93473c488.jpg,box-blur,5898240,4101461.3333333335,medium,88.77359766637285
PyTorch,photo-1545525501-0b4fe2f08cb3.jpg,box-blur,126697472,-170792277.33333334,medium,1114.141735999845
PyTorch,photo-1545912641-15610f3dbc9e.jpg,box-blur,92110848,33330517.333333332,medium,81.11774999989818
PyTorch,photo-1544592787-1ac83baa30f0.jpg,box-blur,47906816,28005717.333333332,medium,399.39438899947953
PyTorch,photo-1546977605-99ef7f8b45d9.jpg,box-blur,107315200,42467328.0,medium,172.13036100007594
PyTorch,photo-1542850775-09dd9bbd2cca.jpg,box-blur,4669440,1895082.6666666667,medium,119.2296943332379
PyTorch,photo-1544989387-1bbbc71d2ef5.jpg,box-blur,211566592,71750997.33333333,medium,223.79876366661242
PyTorch,photo-1543651425-3260f9c9ecfb.jpg,box-blur,270106624,90035541.33333333,medium,285.89388866660494
PyTorch,photo-1543542849-dfa396b541c8.jpg,box-blur,16384,5461.333333333333,medium,118.09951399980734
PyTorch,photo-1543662001-afbc8eda785e.jpg,box-blur,0,0.0,medium,110.4738613339141
PyTorch,photo-1547468731-cc0bd2f11351.jpg,box-blur,28459008,11889322.666666666,medium,85.6215280002604
PyTorch,photo-1545504562-be62ffe9d4f6.jpg,box-blur,3194880,1064960.0,medium,189.6652916663637
PyTorch,photo-1547084675-e5ddb2c1d438.jpg,box-blur,6438912,4527445.333333333,medium,57.966611333191395
PyTorch,photo-1541757089-bc55ff4d0fec.jpg,box-blur,0,0.0,medium,121.14045833330601
PyTorch,photo-1544896990-333044d0114c.jpg,box-blur,12173312,5171882.666666667,medium,423.41833333298564
PyTorch,photo-1542178805-14a89821bb25.jpg,box-blur,130088960,43368448.0,medium,223.74255533330142
PyTorch,photo-1547491205-feacae9c0c22.jpg,box-blur,0,0.0,medium,225.19144433302185
PyTorch,fqUehZ3ZRru2Kh11qDBT_IMG_0042.jpg.jpg,box-blur,21020672,8978432.0,medium,148.51652733360729
PyTorch,photo-1545906785-38f53f99e380.jpg,box-blur,179437568,59812522.666666664,medium,250.1751249997566
PyTorch,photo-1546969430-d023da44cfec.jpg,box-blur,802816,267605.3333333333,medium,227.50618066638708
PyTorch,photo-1544920860-19cb1cccd53c.jpg,box-blur,50970624,16995669.333333332,medium,149.1535139993454
PyTorch,photo-1546365831-cd36e1e4d63e.jpg,box-blur,241664000,87097344.0,medium,290.79073633315664
PyTorch,photo-1545006360-b2a8d6fb91df.jpg,box-blur,2899968,966656.0,medium,184.21873633222035
PyTorch,photo-1544114449-8ffb1b7f555f.jpg,box-blur,47874048,15963477.333333334,medium,116.36127800028771
PyTorch,f1f2ebf3.jpg,box-blur,0,0.0,medium,112.22831966665883
PyTorch,photo-1547296899-c848d96b9961.jpg,box-blur,16384,5461.333333333333,medium,88.02595866657794
PyTorch,photo-1543867534-396c71972cdc.jpg,box-blur,2424832,1529173.3333333333,medium,209.83691666647792
PyTorch,photo-1544913776-90c1223073a3.jpg,box-blur,115916800,38737237.333333336,medium,283.7765553332865
PyTorch,photo-1545262810-77515befe149.jpg,box-blur,0,0.0,medium,226.79168033320457
PyTorch,1d8ef901.jpg,box-blur,0,0.0,medium,154.71176366725317
PyTorch,photo-1542847887-e31e3471722a.jpg,box-blur,122454016,40960000.0,medium,282.9740556664765
PyTorch,photo-1542291771-64f962701184.jpg,box-blur,85557248,28519082.666666668,medium,138.76879166687527
PyTorch,photo-1544647593-59b72ae685d5.jpg,box-blur,0,0.0,medium,121.44066633284092
PyTorch,photo-1543002601-b85cd5b8439b.jpg,box-blur,16384,5461.333333333333,medium,220.64577766663083
PyTorch,photo-1546540551-29dc0a3f6786.jpg,box-blur,1015808,344064.0,medium,89.58238866676886
PyTorch,photo-1543429625-d79f2d85bd29.jpg,box-blur,22740992,7580330.666666667,medium,226.3714583336065
PyTorch,photo-1547487452-5bdd9ce63723.jpg,box-blur,-127975424,-446343850.6666667,large,3947.5097496667877
PyTorch,30ddbd81.jpg,box-blur,85377024,42216106.666666664,large,542.7545693333572
PyTorch,pfHrY2VQaGJuCsrFljKy_IMG_0257.JPG.jpg,box-blur,37421056,13598720.0,large,176.86836100028208
PyTorch,photo-1547413749-dd39525702cd.jpg,box-blur,-126795776,-236311893.33333334,large,4565.354500333468
PyTorch,photo-1544259342-306eccfec481.jpg,box-blur,-126795776,-193850026.66666666,large,2291.492805666601
PyTorch,photo-1546941180-073df0bc8154.jpg,box-blur,-126959616,-171354794.66666666,large,4174.09683299996
PyTorch,f7a44cdc.jpg,box-blur,37666816,16433152.0,large,133.50961099999645
PyTorch,photo-1544261378-1d991c5816d1.jpg,box-blur,27787264,-34537472.0,large,2452.588986333149
PyTorch,cacce378.jpg,box-blur,-127844352,-219485525.33333334,large,10858.3003053333
PyTorch,photo-1546423214-2eee206174a5.jpg,box-blur,-126042112,-282995370.6666667,large,52455.18577766605
PyTorch,frozen-grass.JPG.jpg,box-blur,145620992,53029546.666666664,large,385.90734766672057
PyTorch,photo-1543441246-0c431f3ffe9d.jpg,box-blur,4423680,2086229.3333333333,large,379.0670140000681
PyTorch,photo-1544886324-044d2b1e5820.jpg,box-blur,-124289024,-189169664.0,large,28780.28522199982
PyTorch,photo-1546013385-9318bcdef4d8.jpg,box-blur,144424960,51221845.333333336,large,383.65540266688913
PyTorch,photo-1547835633-40a93473c488.jpg,box-blur,48742400,20534613.333333332,large,291.8632640003537
PyTorch,photo-1545525501-0b4fe2f08cb3.jpg,box-blur,-127188992,-283836416.0,large,84756.99197233313
PyTorch,photo-1545912641-15610f3dbc9e.jpg,box-blur,94863360,36416170.666666664,large,274.9696253333241
PyTorch,photo-1544592787-1ac83baa30f0.jpg,box-blur,-124010496,-262553600.0,large,64907.988722333685
PyTorch,photo-1546977605-99ef7f8b45d9.jpg,box-blur,218808320,78725120.0,large,609.670111666123
PyTorch,photo-1542850775-09dd9bbd2cca.jpg,box-blur,60719104,22320469.333333332,large,447.40795833369094
PyTorch,photo-1544989387-1bbbc71d2ef5.jpg,box-blur,-126648320,-230424576.0,large,18360.606930666603
PyTorch,photo-1543651425-3260f9c9ecfb.jpg,box-blur,-126943232,-178973354.66666666,large,20714.169778000254
PyTorch,photo-1543542849-dfa396b541c8.jpg,box-blur,115146752,42969770.666666664,large,385.13586099942523
PyTorch,photo-1543662001-afbc8eda785e.jpg,box-blur,17301504,6930432.0,large,419.1408193334937
PyTorch,photo-1547468731-cc0bd2f11351.jpg,box-blur,51445760,23177898.666666668,large,257.7260693336527
PyTorch,photo-1545504562-be62ffe9d4f6.jpg,box-blur,-126681088,-290035029.3333333,large,11122.993958332887
PyTorch,photo-1547084675-e5ddb2c1d438.jpg,box-blur,61227008,25690112.0,large,201.52563866693527
PyTorch,photo-1541757089-bc55ff4d0fec.jpg,box-blur,131481600,47022080.0,large,396.2762776672219
PyTorch,photo-1544896990-333044d0114c.jpg,box-blur,-124141568,-327849301.3333333,large,55768.741528000064
PyTorch,photo-1542178805-14a89821bb25.jpg,box-blur,-95387648,-117314901.33333333,large,5385.529860999745
PyTorch,photo-1547491205-feacae9c0c22.jpg,box-blur,-126763008,-188170240.0,large,4137.298819666728
PyTorch,fqUehZ3ZRru2Kh11qDBT_IMG_0042.jpg.jpg,box-blur,48513024,-36558165.333333336,large,1768.8871530002605
PyTorch,photo-1545906785-38f53f99e380.jpg,box-blur,-128073728,-191288661.33333334,large,8561.993805666143
PyTorch,photo-1546969430-d023da44cfec.jpg,box-blur,-128401408,-194712917.33333334,large,4738.559083666652
PyTorch,photo-1544920860-19cb1cccd53c.jpg,box-blur,131481600,45733205.333333336,large,447.96973633300513
PyTorch,photo-1546365831-cd36e1e4d63e.jpg,box-blur,-126648320,-205264213.33333334,large,27477.74890266669
PyTorch,photo-1545006360-b2a8d6fb91df.jpg,box-blur,-32768,-116381013.33333333,large,4071.1940280000367
PyTorch,photo-1544114449-8ffb1b7f555f.jpg,box-blur,159088640,57649834.666666664,large,417.6126390003289
PyTorch,f1f2ebf3.jpg,box-blur,28147712,11059200.0,large,427.27540299948305
PyTorch,photo-1547296899-c848d96b9961.jpg,box-blur,11190272,3833856.0,large,339.56763866667944
PyTorch,photo-1543867534-396c71972cdc.jpg,box-blur,-126697472,-256398677.33333334,large,16347.430444333702
PyTorch,photo-1544913776-90c1223073a3.jpg,box-blur,-126468096,-172818432.0,large,5349.002194666304
PyTorch,photo-1545262810-77515befe149.jpg,box-blur,-127975424,-201386666.66666666,large,3449.484458333502
PyTorch,1d8ef901.jpg,box-blur,85278720,28480853.333333332,large,560.9892500005662
PyTorch,photo-1542847887-e31e3471722a.jpg,box-blur,-125059072,-204346709.33333334,large,33280.75223633306
PyTorch,photo-1542291771-64f962701184.jpg,box-blur,182976512,67769685.33333333,large,457.96744433324784
PyTorch,photo-1544647593-59b72ae685d5.jpg,box-blur,53280768,18049706.666666668,large,330.14669433360297
PyTorch,photo-1543002601-b85cd5b8439b.jpg,box-blur,-126631936,-287413589.3333333,large,3859.382374999734
PyTorch,photo-1546540551-29dc0a3f6786.jpg,box-blur,112541696,49135616.0,large,262.6837779997538
PyTorch,photo-1543429625-d79f2d85bd29.jpg,box-blur,-126566400,-237207552.0,large,15847.312625000253
PyTorch,photo-1547487452-5bdd9ce63723.jpg,gaussian,148848640,60194816.0,small,74.03911099986483
PyTorch,30ddbd81.jpg,gaussian,20463616,8192000.0,small,54.80383300036192
PyTorch,pfHrY2VQaGJuCsrFljKy_IMG_0257.JPG.jpg,gaussian,2621440,1125034.6666666667,small,13.806541667009393
PyTorch,photo-1547413749-dd39525702cd.jpg,gaussian,122732544,43892736.0,small,74.7030276665464
PyTorch,photo-1544259342-306eccfec481.jpg,gaussian,24018944,8323072.0,small,56.72679200023413
PyTorch,photo-1546941180-073df0bc8154.jpg,gaussian,32440320,16891904.0,small,71.27438900091995
PyTorch,f7a44cdc.jpg,gaussian,81920,27306.666666666668,small,10.19601433351636
PyTorch,photo-1544261378-1d991c5816d1.jpg,gaussian,2801664,961194.6666666666,small,63.53965300011138
PyTorch,cacce378.jpg,gaussian,91586560,32828074.666666668,small,74.79093033323686
PyTorch,photo-1546423214-2eee206174a5.jpg,gaussian,43646976,14554453.333333334,small,167.46170833303282
PyTorch,frozen-grass.JPG.jpg,gaussian,1310720,436906.6666666667,small,33.620777666568756
PyTorch,photo-1543441246-0c431f3ffe9d.jpg,gaussian,0,0.0,small,32.94076400001844
PyTorch,photo-1544886324-044d2b1e5820.jpg,gaussian,316686336,105562112.0,small,99.35541666671634
PyTorch,photo-1546013385-9318bcdef4d8.jpg,gaussian,69140480,23046826.666666668,small,35.58356933357815
PyTorch,photo-1547835633-40a93473c488.jpg,gaussian,163840,54613.333333333336,small,25.102138666746516
PyTorch,photo-1545525501-0b4fe2f08cb3.jpg,gaussian,13434880,-5581482.666666667,small,203.5318749997144
PyTorch,photo-1545912641-15610f3dbc9e.jpg,gaussian,15138816,5046272.0,small,20.24451433370511
PyTorch,photo-1544592787-1ac83baa30f0.jpg,gaussian,1916928,666282.6666666666,small,161.97248600050807
PyTorch,photo-1546977605-99ef7f8b45d9.jpg,gaussian,128122880,42707626.666666664,small,52.65726366701225
PyTorch,photo-1542850775-09dd9bbd2cca.jpg,gaussian,0,0.0,small,39.622722000194095
PyTorch,photo-1544989387-1bbbc71d2ef5.jpg,gaussian,184745984,61581994.666666664,small,78.16572233320524
PyTorch,photo-1543651425-3260f9c9ecfb.jpg,gaussian,265175040,94737749.33333333,small,98.8744029995675
PyTorch,photo-1543542849-dfa396b541c8.jpg,gaussian,0,0.0,small,35.43794399996599
PyTorch,photo-1543662001-afbc8eda785e.jpg,gaussian,81920,27306.666666666668,small,37.55995866687348
PyTorch,photo-1547468731-cc0bd2f11351.jpg,gaussian,12091392,4030464.0,small,23.76659733305375
PyTorch,photo-1545504562-be62ffe9d4f6.jpg,gaussian,180224,60074.666666666664,small,60.36580566689372
PyTorch,photo-1547084675-e5ddb2c1d438.jpg,gaussian,0,0.0,small,16.67759699995319
PyTorch,photo-1541757089-bc55ff4d0fec.jpg,gaussian,16384,5461.333333333333,small,33.85551399954905
PyTorch,photo-1544896990-333044d0114c.jpg,gaussian,33456128,11152042.666666666,small,161.26311099994928
PyTorch,photo-1542178805-14a89821bb25.jpg,gaussian,158924800,52974933.333333336,small,75.42716666714598
PyTorch,photo-1547491205-feacae9c0c22.jpg,gaussian,0,0.0,small,70.12587466649711
PyTorch,fqUehZ3ZRru2Kh11qDBT_IMG_0042.jpg.jpg,gaussian,0,0.0,small,48.69897200074047
PyTorch,photo-1545906785-38f53f99e380.jpg,gaussian,179552256,59938133.333333336,small,82.98552766659607
PyTorch,photo-1546969430-d023da44cfec.jpg,gaussian,3866624,1911466.6666666667,small,71.48661099964131
PyTorch,photo-1544920860-19cb1cccd53c.jpg,gaussian,51052544,17050282.666666668,small,39.24962500017136
PyTorch,photo-1546365831-cd36e1e4d63e.jpg,gaussian,240844800,80729429.33333333,small,95.3525836666425
PyTorch,photo-1545006360-b2a8d6fb91df.jpg,gaussian,17039360,5679786.666666667,small,59.23777766649922
PyTorch,photo-1544114449-8ffb1b7f555f.jpg,gaussian,47955968,15985322.666666666,small,39.289250000069536
PyTorch,f1f2ebf3.jpg,gaussian,4915200,1638400.0,small,38.137291666430734
PyTorch,photo-1547296899-c848d96b9961.jpg,gaussian,0,0.0,small,28.13951400015503
PyTorch,photo-1543867534-396c71972cdc.jpg,gaussian,0,0.0,small,69.53727766623099
PyTorch,photo-1544913776-90c1223073a3.jpg,gaussian,113623040,37874346.666666664,small,93.66019466643532
PyTorch,photo-1545262810-77515befe149.jpg,gaussian,11911168,3970389.3333333335,small,72.34531933317582
PyTorch,1d8ef901.jpg,gaussian,0,0.0,small,52.71531933359802
PyTorch,photo-1542847887-e31e3471722a.jpg,gaussian,120422400,40140800.0,small,92.1208333329608
PyTorch,photo-1542291771-64f962701184.jpg,gaussian,85639168,28573696.0,small,43.13990299993505
PyTorch,photo-1544647593-59b72ae685d5.jpg,gaussian,0,0.0,small,30.72711066622287
PyTorch,photo-1543002601-b85cd5b8439b.jpg,gaussian,6930432,2310144.0,small,72.0598056667174
PyTorch,photo-1546540551-29dc0a3f6786.jpg,gaussian,0,0.0,small,24.855818999310333
PyTorch,photo-1543429625-d79f2d85bd29.jpg,gaussian,23379968,11927552.0,small,68.93322266700368
PyTorch,photo-1547487452-5bdd9ce63723.jpg,gaussian,147456,65536.0,medium,227.51094433323792
PyTorch,30ddbd81.jpg,gaussian,32768,10922.666666666666,medium,170.50352766675255
PyTorch,pfHrY2VQaGJuCsrFljKy_IMG_0257.JPG.jpg,gaussian,1884160,1190570.6666666667,medium,60.44701400026679
PyTorch,photo-1547413749-dd39525702cd.jpg,gaussian,2326528,780970.6666666666,medium,226.15809733358523
PyTorch,photo-1544259342-306eccfec481.jpg,gaussian,49152,21845.333333333332,medium,187.80277800001204
PyTorch,photo-1546941180-073df0bc8154.jpg,gaussian,32768,21845.333333333332,medium,230.68144433293492
PyTorch,f7a44cdc.jpg,gaussian,0,0.0,medium,46.49306933302432
PyTorch,photo-1544261378-1d991c5816d1.jpg,gaussian,0,0.0,medium,205.17743066698313
PyTorch,cacce378.jpg,gaussian,45268992,15089664.0,medium,229.88625000013658
PyTorch,photo-1546423214-2eee206174a5.jpg,gaussian,27459584,9153194.666666666,medium,458.80526400016
PyTorch,frozen-grass.JPG.jpg,gaussian,0,-3566250.6666666665,medium,120.74669466726482
PyTorch,photo-1543441246-0c431f3ffe9d.jpg,gaussian,0,0.0,medium,110.20445833355188
PyTorch,photo-1544886324-044d2b1e5820.jpg,gaussian,312279040,104093013.33333333,medium,304.75018033292145
PyTorch,photo-1546013385-9318bcdef4d8.jpg,gaussian,69025792,23008597.333333332,medium,140.29383366679153
PyTorch,photo-1547835633-40a93473c488.jpg,gaussian,0,0.0,medium,91.0765000001217
PyTorch,photo-1545525501-0b4fe2f08cb3.jpg,gaussian,32473088,-222210730.66666666,medium,673.8441390000904
PyTorch,photo-1545912641-15610f3dbc9e.jpg,gaussian,86294528,29376512.0,medium,86.74433333333582
PyTorch,photo-1544592787-1ac83baa30f0.jpg,gaussian,69926912,51778901.333333336,medium,446.02420833396417
PyTorch,photo-1546977605-99ef7f8b45d9.jpg,gaussian,107921408,42882389.333333336,medium,189.19722266650447
PyTorch,photo-1542850775-09dd9bbd2cca.jpg,gaussian,2342912,1561941.3333333333,medium,127.98123600023489
PyTorch,photo-1544989387-1bbbc71d2ef5.jpg,gaussian,193675264,69899605.33333333,medium,237.95584700039277
PyTorch,photo-1543651425-3260f9c9ecfb.jpg,gaussian,265158656,102585685.33333333,medium,304.92925033314776
PyTorch,photo-1543542849-dfa396b541c8.jpg,gaussian,0,0.0,medium,137.01118033379316
PyTorch,photo-1543662001-afbc8eda785e.jpg,gaussian,15237120,5079040.0,medium,120.46994433365762
PyTorch,photo-1547468731-cc0bd2f11351.jpg,gaussian,10895360,3648170.6666666665,medium,80.96511100015293
PyTorch,photo-1545504562-be62ffe9d4f6.jpg,gaussian,3194880,1851392.0,medium,204.63887466645488
PyTorch,photo-1547084675-e5ddb2c1d438.jpg,gaussian,999424,333141.3333333333,medium,61.52481966651976
PyTorch,photo-1541757089-bc55ff4d0fec.jpg,gaussian,0,0.0,medium,139.26125000013658
PyTorch,photo-1544896990-333044d0114c.jpg,gaussian,16678912,6673749.333333333,medium,457.5216666664928
PyTorch,photo-1542178805-14a89821bb25.jpg,gaussian,127336448,42445482.666666664,medium,233.3580556663995
PyTorch,photo-1547491205-feacae9c0c22.jpg,gaussian,30474240,10158080.0,medium,238.41786133280644
PyTorch,fqUehZ3ZRru2Kh11qDBT_IMG_0042.jpg.jpg,gaussian,0,0.0,medium,162.17199999994287
PyTorch,photo-1545906785-38f53f99e380.jpg,gaussian,179503104,59834368.0,medium,260.3270276663825
PyTorch,photo-1546969430-d023da44cfec.jpg,gaussian,0,0.0,medium,244.26398599985987
PyTorch,photo-1544920860-19cb1cccd53c.jpg,gaussian,50970624,16990208.0,medium,152.78819433320314
PyTorch,photo-1546365831-cd36e1e4d63e.jpg,gaussian,241254400,80904192.0,medium,299.243721999228
PyTorch,photo-1545006360-b2a8d6fb91df.jpg,gaussian,0,0.0,medium,195.32345800008625
PyTorch,photo-1544114449-8ffb1b7f555f.jpg,gaussian,47874048,15963477.333333334,medium,126.3794306665659
PyTorch,f1f2ebf3.jpg,gaussian,0,0.0,medium,120.98969433332483
PyTorch,photo-1547296899-c848d96b9961.jpg,gaussian,16384,5461.333333333333,medium,98.33536133418481
PyTorch,photo-1543867534-396c71972cdc.jpg,gaussian,4472832,1993386.6666666667,medium,223.45647200041762
PyTorch,photo-1544913776-90c1223073a3.jpg,gaussian,114868224,38289408.0,medium,291.0260973336796
PyTorch,photo-1545262810-77515befe149.jpg,gaussian,1376256,458752.0,medium,237.58097199971476
PyTorch,1d8ef901.jpg,gaussian,0,0.0,medium,166.73767999994257
PyTorch,photo-1542847887-e31e3471722a.jpg,gaussian,120422400,40140800.0,medium,299.4909026666234
PyTorch,photo-1542291771-64f962701184.jpg,gaussian,85557248,28519082.666666668,medium,147.90926399982223
PyTorch,photo-1544647593-59b72ae685d5.jpg,gaussian,0,0.0,medium,120.15012500031541
PyTorch,photo-1543002601-b85cd5b8439b.jpg,gaussian,0,0.0,medium,234.3048473338907
PyTorch,photo-1546540551-29dc0a3f6786.jpg,gaussian,1310720,868352.0,medium,96.36126399971545
PyTorch,photo-1543429625-d79f2d85bd29.jpg,gaussian,22757376,7585792.0,medium,240.56569433305413
